Petition_ID,Petition_Name,Country,Genre,Year,Total_Signatures,Successful,Signatures,Signatures_Per_Capita,Population,Population_Density,GDP_Per_Capita,Unemployment,Tertiary_Enrollment,Life_Expectancy,Media_Literacy_Index,Governance,Social_Capital,Personal_Freedom,Education
eci_table_01,Ban Conversion Practices,Austria,Human Rights,2024,1128063,True,10724,0.001208056670069,8877067.0,109,50277.27508736838,4.67,85.1,81.6,59,81.19,67.94,85.99,81.93
eci_table_01,Ban Conversion Practices,Belgium,Human Rights,2024,1128063,True,47459,0.0041325995042691,11484055.0,383,46116.699233676605,5.59,79.7,81.6,61,80.31,64.55,87.7,84.79
eci_table_01,Ban Conversion Practices,Bulgaria,Human Rights,2024,1128063,True,2386,0.0003420415349665,6975761.0,64,12328.404026456756,4.34,71.0,74.9,31,53.12,54.62,68.31,72.79
eci_table_01,Ban Conversion Practices,Croatia,Human Rights,2024,1128063,True,8574,0.0021079287031346,4067500.0,73,14853.239837492318,6.93,67.9,78.1,45,56.15,52.19,75.16,73.54
eci_table_01,Ban Conversion Practices,Cyprus,Human Rights,2024,1128063,True,696,0.000580689568863,1198575.0,131,20494.87761299877,7.27,75.9,80.8,39,65.69,56.86,78.31,79.14
eci_table_01,Ban Conversion Practices,Czech Republic,Human Rights,2024,1128063,True,3774,0.0003537116148153,10669709.0,139,23101.777704996453,1.93,64.1,79.0,58,68.72,61.62,82.53,80.66
eci_table_01,Ban Conversion Practices,Denmark,Human Rights,2024,1128063,True,8587,0.0014757964737968,5818553.0,137,59822.092960913134,4.91,80.6,81.0,73,89.45,82.56,94.09,87.48
eci_table_01,Ban Conversion Practices,Estonia,Human Rights,2024,1128063,True,1519,0.0011405410925167,1331824.0,31,23566.890205462583,5.11,69.6,78.2,71,79.03,61.94,87.2,82.19
eci_table_01,Ban Conversion Practices,Finland,Human Rights,2024,1128063,True,23618,0.0042783798168002,5520314.0,18,48685.853986747854,6.59,88.2,81.7,74,90.41,77.27,91.96,88.38
eci_table_01,Ban Conversion Practices,France,Human Rights,2024,1128063,True,580568,0.0086574556858409,67059887.0,119,40493.9285720389,8.43,65.6,82.5,57,77.24,60.6,79.06,81.27
eci_table_01,Ban Conversion Practices,Germany,Human Rights,2024,1128063,True,92739,0.0011155524788717,83132799.0,240,46258.8782897109,3.04,70.2,80.9,61,84.39,65.96,87.7,83.45
eci_table_01,Ban Conversion Practices,Greece,Human Rights,2024,1128063,True,4127,0.0003851134745671,10716322.0,81,19582.53601086268,17.24,136.6,81.3,38,60.81,52.31,73.3,79.34
eci_table_01,Ban Conversion Practices,Hungary,Human Rights,2024,1128063,True,3195,0.0003270232014517,9769949.0,107,16475.741838979917,3.4,48.5,75.8,41,45.75,59.51,60.36,77.34
eci_table_01,Ban Conversion Practices,Republic of Ireland,Human Rights,2024,1128063,True,18503,0.0036953754781489,5007069.0,72,77629.9889911643,4.93,77.8,82.3,70,81.72,67.73,88.59,85.0
eci_table_01,Ban Conversion Practices,Italy,Human Rights,2024,1128063,True,60701,0.0010066935560533,60297396.0,206,33189.56579886136,9.89,61.9,82.9,47,62.33,60.97,78.44,80.0
eci_table_01,Ban Conversion Practices,Latvia,Human Rights,2024,1128063,True,1103,0.0005766448886939,1912789.0,30,17836.364886560932,6.52,88.1,74.7,55,68.82,55.06,81.39,81.36
eci_table_01,Ban Conversion Practices,Lithuania,Human Rights,2024,1128063,True,1973,0.000707969301475,2786844.0,43,19455.45412660343,6.35,72.4,75.7,54,72.57,47.26,79.62,81.8
eci_table_01,Ban Conversion Practices,Luxembourg,Human Rights,2024,1128063,True,2091,0.0032398663148418,645397.0,242,110172.37314087298,5.36,19.2,82.1,53,86.31,66.6,89.2,78.79
eci_table_01,Ban Conversion Practices,Malta,Human Rights,2024,1128063,True,861,0.001712911292681,502653.0,1380,29416.230606402427,3.47,54.3,82.3,45,70.26,68.19,81.05,78.33
eci_table_01,Ban Conversion Practices,Netherlands,Human Rights,2024,1128063,True,38112,0.0021988305443132,17332850.0,508,52447.83143920359,3.2,85.0,81.8,64,87.34,74.03,90.08,86.43
eci_table_01,Ban Conversion Practices,Poland,Human Rights,2024,1128063,True,9039,0.0002380508807882,37970874.0,124,15595.227033436207,3.47,67.8,77.6,53,58.03,63.27,67.09,78.63
eci_table_01,Ban Conversion Practices,Portugal,Human Rights,2024,1128063,True,9025,0.0008788230140036,10269417.0,111,23145.04081731222,6.33,63.9,81.3,60,73.19,62.92,85.78,77.64
eci_table_01,Ban Conversion Practices,Romania,Human Rights,2024,1128063,True,9932,0.0005131081250867,19356544.0,84,12919.529644186485,3.98,49.4,75.4,32,57.11,49.96,73.56,70.47
eci_table_01,Ban Conversion Practices,Slovakia,Human Rights,2024,1128063,True,2671,0.0004897257517455,5454073.0,114,19329.0968008679,5.56,46.6,77.2,48,61.93,61.15,78.6,72.75
eci_table_01,Ban Conversion Practices,Slovenia,Human Rights,2024,1128063,True,6400,0.0030652133723764,2087946.0,103,25739.247814359183,4.2,78.6,81.0,55,63.66,62.69,75.8,81.8
eci_table_01,Ban Conversion Practices,Spain,Human Rights,2024,1128063,True,162018,0.0034415692100953,47076781.0,94,29613.67113798626,13.96,88.9,83.3,58,72.48,69.27,83.65,80.98
eci_table_01,Ban Conversion Practices,Sweden,Human Rights,2024,1128063,True,17668,0.0017177658582465,10285453.0,25,51610.06605523354,6.48,67.0,82.5,71,86.41,78.29,91.9,85.92
eci_table_02,Defence of Agriculture,Austria,Agriculture,2024,4432,False,109,1.227883038395452e-05,8877067.0,109,50277.27508736838,4.67,85.1,81.6,59,81.19,67.94,85.99,81.93
eci_table_02,Defence of Agriculture,Belgium,Agriculture,2024,4432,False,160,1.3932360999664316e-05,11484055.0,383,46116.699233676605,5.59,79.7,81.6,61,80.31,64.55,87.7,84.79
eci_table_02,Defence of Agriculture,Bulgaria,Agriculture,2024,4432,False,47,6.737616153993808e-06,6975761.0,64,12328.404026456756,4.34,71.0,74.9,31,53.12,54.62,68.31,72.79
eci_table_02,Defence of Agriculture,Croatia,Agriculture,2024,4432,False,76,1.8684695759065764e-05,4067500.0,73,14853.239837492318,6.93,67.9,78.1,45,56.15,52.19,75.16,73.54
eci_table_02,Defence of Agriculture,Cyprus,Agriculture,2024,4432,False,27,2.2526750516238032e-05,1198575.0,131,20494.87761299877,7.27,75.9,80.8,39,65.69,56.86,78.31,79.14
eci_table_02,Defence of Agriculture,Czech Republic,Agriculture,2024,4432,False,39,3.655207466295473e-06,10669709.0,139,23101.777704996453,1.93,64.1,79.0,58,68.72,61.62,82.53,80.66
eci_table_02,Defence of Agriculture,Denmark,Agriculture,2024,4432,False,29,4.9840570327364895e-06,5818553.0,137,59822.092960913134,4.91,80.6,81.0,73,89.45,82.56,94.09,87.48
eci_table_02,Defence of Agriculture,Estonia,Agriculture,2024,4432,False,18,1.3515299318828914e-05,1331824.0,31,23566.890205462583,5.11,69.6,78.2,71,79.03,61.94,87.2,82.19
eci_table_02,Defence of Agriculture,Finland,Agriculture,2024,4432,False,102,1.847720981089119e-05,5520314.0,18,48685.853986747854,6.59,88.2,81.7,74,90.41,77.27,91.96,88.38
eci_table_02,Defence of Agriculture,France,Agriculture,2024,4432,False,361,5.383247961631668e-06,67059887.0,119,40493.9285720389,8.43,65.6,82.5,57,77.24,60.6,79.06,81.27
eci_table_02,Defence of Agriculture,Germany,Agriculture,2024,4432,False,302,3.632741873637624e-06,83132799.0,240,46258.8782897109,3.04,70.2,80.9,61,84.39,65.96,87.7,83.45
eci_table_02,Defence of Agriculture,Greece,Agriculture,2024,4432,False,120,1.1197871807136812e-05,10716322.0,81,19582.53601086268,17.24,136.6,81.3,38,60.81,52.31,73.3,79.34
eci_table_02,Defence of Agriculture,Hungary,Agriculture,2024,4432,False,73,7.471891613763798e-06,9769949.0,107,16475.741838979917,3.4,48.5,75.8,41,45.75,59.51,60.36,77.34
eci_table_02,Defence of Agriculture,Republic of Ireland,Agriculture,2024,4432,False,50,9.985881960084832e-06,5007069.0,72,77629.9889911643,4.93,77.8,82.3,70,81.72,67.73,88.59,85.0
eci_table_02,Defence of Agriculture,Italy,Agriculture,2024,4432,False,483,8.010296166023488e-06,60297396.0,206,33189.56579886136,9.89,61.9,82.9,47,62.33,60.97,78.44,80.0
eci_table_02,Defence of Agriculture,Latvia,Agriculture,2024,4432,False,11,5.750764982441869e-06,1912789.0,30,17836.364886560932,6.52,88.1,74.7,55,68.82,55.06,81.39,81.36
eci_table_02,Defence of Agriculture,Lithuania,Agriculture,2024,4432,False,25,8.970721001964946e-06,2786844.0,43,19455.45412660343,6.35,72.4,75.7,54,72.57,47.26,79.62,81.8
eci_table_02,Defence of Agriculture,Luxembourg,Agriculture,2024,4432,False,10,1.5494339143194035e-05,645397.0,242,110172.37314087298,5.36,19.2,82.1,53,86.31,66.6,89.2,78.79
eci_table_02,Defence of Agriculture,Malta,Agriculture,2024,4432,False,9,1.790499609074252e-05,502653.0,1380,29416.230606402427,3.47,54.3,82.3,45,70.26,68.19,81.05,78.33
eci_table_02,Defence of Agriculture,Netherlands,Agriculture,2024,4432,False,67,3.8654924031535495e-06,17332850.0,508,52447.83143920359,3.2,85.0,81.8,64,87.34,74.03,90.08,86.43
eci_table_02,Defence of Agriculture,Poland,Agriculture,2024,4432,False,215,5.662234690726371e-06,37970874.0,124,15595.227033436207,3.47,67.8,77.6,53,58.03,63.27,67.09,78.63
eci_table_02,Defence of Agriculture,Portugal,Agriculture,2024,4432,False,136,1.3243205529583616e-05,10269417.0,111,23145.04081731222,6.33,63.9,81.3,60,73.19,62.92,85.78,77.64
eci_table_02,Defence of Agriculture,Romania,Agriculture,2024,4432,False,160,8.265938382388922e-06,19356544.0,84,12919.529644186485,3.98,49.4,75.4,32,57.11,49.96,73.56,70.47
eci_table_02,Defence of Agriculture,Slovakia,Agriculture,2024,4432,False,50,9.167460721556164e-06,5454073.0,114,19329.0968008679,5.56,46.6,77.2,48,61.93,61.15,78.6,72.75
eci_table_02,Defence of Agriculture,Slovenia,Agriculture,2024,4432,False,33,1.580500645131627e-05,2087946.0,103,25739.247814359183,4.2,78.6,81.0,55,63.66,62.69,75.8,81.8
eci_table_02,Defence of Agriculture,Spain,Agriculture,2024,4432,False,1629,3.460304560755758e-05,47076781.0,94,29613.67113798626,13.96,88.9,83.3,58,72.48,69.27,83.65,80.98
eci_table_02,Defence of Agriculture,Sweden,Agriculture,2024,4432,False,91,8.847446971951552e-06,10285453.0,25,51610.06605523354,6.48,67.0,82.5,71,86.41,78.29,91.9,85.92
eci_table_03,My Voice My Choice,Austria,Health,2024,1124513,True,25373,0.0028582638837805,8877067.0,109,50277.27508736838,4.67,85.1,81.6,59,81.19,67.94,85.99,81.93
eci_table_03,My Voice My Choice,Belgium,Health,2024,1124513,True,18313,0.0015946457936678,11484055.0,383,46116.699233676605,5.59,79.7,81.6,61,80.31,64.55,87.7,84.79
eci_table_03,My Voice My Choice,Bulgaria,Health,2024,1124513,True,6552,0.0009392523625737,6975761.0,64,12328.404026456756,4.34,71.0,74.9,31,53.12,54.62,68.31,72.79
eci_table_03,My Voice My Choice,Croatia,Health,2024,1124513,True,65963,0.0162170866625691,4067500.0,73,14853.239837492318,6.93,67.9,78.1,45,56.15,52.19,75.16,73.54
eci_table_03,My Voice My Choice,Cyprus,Health,2024,1124513,True,3228,0.0026931981728302,1198575.0,131,20494.87761299877,7.27,75.9,80.8,39,65.69,56.86,78.31,79.14
eci_table_03,My Voice My Choice,Czech Republic,Health,2024,1124513,True,11569,0.0010842844917326,10669709.0,139,23101.777704996453,1.93,64.1,79.0,58,68.72,61.62,82.53,80.66
eci_table_03,My Voice My Choice,Denmark,Health,2024,1124513,True,19652,0.0033774720278392,5818553.0,137,59822.092960913134,4.91,80.6,81.0,73,89.45,82.56,94.09,87.48
eci_table_03,My Voice My Choice,Estonia,Health,2024,1124513,True,4894,0.0036746597147971,1331824.0,31,23566.890205462583,5.11,69.6,78.2,71,79.03,61.94,87.2,82.19
eci_table_03,My Voice My Choice,Finland,Health,2024,1124513,True,66565,0.0120581908927644,5520314.0,18,48685.853986747854,6.59,88.2,81.7,74,90.41,77.27,91.96,88.38
eci_table_03,My Voice My Choice,France,Health,2024,1124513,True,169759,0.002531453713902,67059887.0,119,40493.9285720389,8.43,65.6,82.5,57,77.24,60.6,79.06,81.27
eci_table_03,My Voice My Choice,Germany,Health,2024,1124513,True,167550,0.0020154500030727,83132799.0,240,46258.8782897109,3.04,70.2,80.9,61,84.39,65.96,87.7,83.45
eci_table_03,My Voice My Choice,Greece,Health,2024,1124513,True,43214,0.0040325402689467,10716322.0,81,19582.53601086268,17.24,136.6,81.3,38,60.81,52.31,73.3,79.34
eci_table_03,My Voice My Choice,Hungary,Health,2024,1124513,True,16765,0.0017159762041746,9769949.0,107,16475.741838979917,3.4,48.5,75.8,41,45.75,59.51,60.36,77.34
eci_table_03,My Voice My Choice,Republic of Ireland,Health,2024,1124513,True,12885,0.0025733617811138,5007069.0,72,77629.9889911643,4.93,77.8,82.3,70,81.72,67.73,88.59,85.0
eci_table_03,My Voice My Choice,Italy,Health,2024,1124513,True,161168,0.0026728849119786,60297396.0,206,33189.56579886136,9.89,61.9,82.9,47,62.33,60.97,78.44,80.0
eci_table_03,My Voice My Choice,Latvia,Health,2024,1124513,True,4779,0.0024984459864626,1912789.0,30,17836.364886560932,6.52,88.1,74.7,55,68.82,55.06,81.39,81.36
eci_table_03,My Voice My Choice,Lithuania,Health,2024,1124513,True,5693,0.0020428125865674,2786844.0,43,19455.45412660343,6.35,72.4,75.7,54,72.57,47.26,79.62,81.8
eci_table_03,My Voice My Choice,Luxembourg,Health,2024,1124513,True,2821,0.004370953072295,645397.0,242,110172.37314087298,5.36,19.2,82.1,53,86.31,66.6,89.2,78.79
eci_table_03,My Voice My Choice,Malta,Health,2024,1124513,True,4278,0.0085108414751329,502653.0,1380,29416.230606402427,3.47,54.3,82.3,45,70.26,68.19,81.05,78.33
eci_table_03,My Voice My Choice,Netherlands,Health,2024,1124513,True,34467,0.0019885362187984,17332850.0,508,52447.83143920359,3.2,85.0,81.8,64,87.34,74.03,90.08,86.43
eci_table_03,My Voice My Choice,Poland,Health,2024,1124513,True,43297,0.001140268722811,37970874.0,124,15595.227033436207,3.47,67.8,77.6,53,58.03,63.27,67.09,78.63
eci_table_03,My Voice My Choice,Portugal,Health,2024,1124513,True,17824,0.0017356389364654,10269417.0,111,23145.04081731222,6.33,63.9,81.3,60,73.19,62.92,85.78,77.64
eci_table_03,My Voice My Choice,Romania,Health,2024,1124513,True,67402,0.0034821298678111,19356544.0,84,12919.529644186485,3.98,49.4,75.4,32,57.11,49.96,73.56,70.47
eci_table_03,My Voice My Choice,Slovakia,Health,2024,1124513,True,7542,0.0013828197752395,5454073.0,114,19329.0968008679,5.56,46.6,77.2,48,61.93,61.15,78.6,72.75
eci_table_03,My Voice My Choice,Slovenia,Health,2024,1124513,True,59508,0.0285007370880281,2087946.0,103,25739.247814359183,4.2,78.6,81.0,55,63.66,62.69,75.8,81.8
eci_table_03,My Voice My Choice,Spain,Health,2024,1124513,True,59642,0.0012669090522565,47076781.0,94,29613.67113798626,13.96,88.9,83.3,58,72.48,69.27,83.65,80.98
eci_table_03,My Voice My Choice,Sweden,Health,2024,1124513,True,23810,0.0023149199165073,10285453.0,25,51610.06605523354,6.48,67.0,82.5,71,86.41,78.29,91.9,85.92
eci_table_04,Air-Quotas,Austria,Environment,2024,7278,False,156,1.757337192565968e-05,8877067.0,109,50277.27508736838,4.67,85.1,81.6,59,81.19,67.94,85.99,81.93
eci_table_04,Air-Quotas,Belgium,Environment,2024,7278,False,257,2.237885485571081e-05,11484055.0,383,46116.699233676605,5.59,79.7,81.6,61,80.31,64.55,87.7,84.79
eci_table_04,Air-Quotas,Bulgaria,Environment,2024,7278,False,17,2.43701009825308e-06,6975761.0,64,12328.404026456756,4.34,71.0,74.9,31,53.12,54.62,68.31,72.79
eci_table_04,Air-Quotas,Croatia,Environment,2024,7278,False,24,5.900430239704978e-06,4067500.0,73,14853.239837492318,6.93,67.9,78.1,45,56.15,52.19,75.16,73.54
eci_table_04,Air-Quotas,Cyprus,Environment,2024,7278,False,8,6.6745927455520095e-06,1198575.0,131,20494.87761299877,7.27,75.9,80.8,39,65.69,56.86,78.31,79.14
eci_table_04,Air-Quotas,Czech Republic,Environment,2024,7278,False,20,1.874465367331012e-06,10669709.0,139,23101.777704996453,1.93,64.1,79.0,58,68.72,61.62,82.53,80.66
eci_table_04,Air-Quotas,Denmark,Environment,2024,7278,False,44,7.562017566910536e-06,5818553.0,137,59822.092960913134,4.91,80.6,81.0,73,89.45,82.56,94.09,87.48
eci_table_04,Air-Quotas,Estonia,Environment,2024,7278,False,11,8.259349583728781e-06,1331824.0,31,23566.890205462583,5.11,69.6,78.2,71,79.03,61.94,87.2,82.19
eci_table_04,Air-Quotas,Finland,Environment,2024,7278,False,76,1.3767332800271869e-05,5520314.0,18,48685.853986747854,6.59,88.2,81.7,74,90.41,77.27,91.96,88.38
eci_table_04,Air-Quotas,France,Environment,2024,7278,False,5116,7.629001820417622e-05,67059887.0,119,40493.9285720389,8.43,65.6,82.5,57,77.24,60.6,79.06,81.27
eci_table_04,Air-Quotas,Germany,Environment,2024,7278,False,478,5.749836475492663e-06,83132799.0,240,46258.8782897109,3.04,70.2,80.9,61,84.39,65.96,87.7,83.45
eci_table_04,Air-Quotas,Greece,Environment,2024,7278,False,26,2.4262055582129765e-06,10716322.0,81,19582.53601086268,17.24,136.6,81.3,38,60.81,52.31,73.3,79.34
eci_table_04,Air-Quotas,Hungary,Environment,2024,7278,False,41,4.196541865264599e-06,9769949.0,107,16475.741838979917,3.4,48.5,75.8,41,45.75,59.51,60.36,77.34
eci_table_04,Air-Quotas,Republic of Ireland,Environment,2024,7278,False,39,7.78898792886617e-06,5007069.0,72,77629.9889911643,4.93,77.8,82.3,70,81.72,67.73,88.59,85.0
eci_table_04,Air-Quotas,Italy,Environment,2024,7278,False,330,5.472873156910457e-06,60297396.0,206,33189.56579886136,9.89,61.9,82.9,47,62.33,60.97,78.44,80.0
eci_table_04,Air-Quotas,Latvia,Environment,2024,7278,False,8,4.182374532684996e-06,1912789.0,30,17836.364886560932,6.52,88.1,74.7,55,68.82,55.06,81.39,81.36
eci_table_04,Air-Quotas,Lithuania,Environment,2024,7278,False,10,3.5882884007859787e-06,2786844.0,43,19455.45412660343,6.35,72.4,75.7,54,72.57,47.26,79.62,81.8
eci_table_04,Air-Quotas,Luxembourg,Environment,2024,7278,False,23,3.563698002934628e-05,645397.0,242,110172.37314087298,5.36,19.2,82.1,53,86.31,66.6,89.2,78.79
eci_table_04,Air-Quotas,Malta,Environment,2024,7278,False,9,1.790499609074252e-05,502653.0,1380,29416.230606402427,3.47,54.3,82.3,45,70.26,68.19,81.05,78.33
eci_table_04,Air-Quotas,Netherlands,Environment,2024,7278,False,135,7.788678722772077e-06,17332850.0,508,52447.83143920359,3.2,85.0,81.8,64,87.34,74.03,90.08,86.43
eci_table_04,Air-Quotas,Poland,Environment,2024,7278,False,78,2.054206073844916e-06,37970874.0,124,15595.227033436207,3.47,67.8,77.6,53,58.03,63.27,67.09,78.63
eci_table_04,Air-Quotas,Portugal,Environment,2024,7278,False,33,3.2134248711489657e-06,10269417.0,111,23145.04081731222,6.33,63.9,81.3,60,73.19,62.92,85.78,77.64
eci_table_04,Air-Quotas,Romania,Environment,2024,7278,False,47,2.428119399826746e-06,19356544.0,84,12919.529644186485,3.98,49.4,75.4,32,57.11,49.96,73.56,70.47
eci_table_04,Air-Quotas,Slovakia,Environment,2024,7278,False,11,2.0168413587423564e-06,5454073.0,114,19329.0968008679,5.56,46.6,77.2,48,61.93,61.15,78.6,72.75
eci_table_04,Air-Quotas,Slovenia,Environment,2024,7278,False,17,8.141973020375048e-06,2087946.0,103,25739.247814359183,4.2,78.6,81.0,55,63.66,62.69,75.8,81.8
eci_table_04,Air-Quotas,Spain,Environment,2024,7278,False,194,4.120927469531105e-06,47076781.0,94,29613.67113798626,13.96,88.9,83.3,58,72.48,69.27,83.65,80.98
eci_table_04,Air-Quotas,Sweden,Environment,2024,7278,False,70,6.805728439962732e-06,10285453.0,25,51610.06605523354,6.48,67.0,82.5,71,86.41,78.29,91.9,85.92
eci_table_05,Stop Destroying Videogames,Austria,Digital Rights,2024,1294188,True,20714,0.0023334283722315,8877067.0,109,50277.27508736838,4.67,85.1,81.6,59,81.19,67.94,85.99,81.93
eci_table_05,Stop Destroying Videogames,Belgium,Digital Rights,2024,1294188,True,31846,0.0027730623024706,11484055.0,383,46116.699233676605,5.59,79.7,81.6,61,80.31,64.55,87.7,84.79
eci_table_05,Stop Destroying Videogames,Bulgaria,Digital Rights,2024,1294188,True,14238,0.0020410676340545,6975761.0,64,12328.404026456756,4.34,71.0,74.9,31,53.12,54.62,68.31,72.79
eci_table_05,Stop Destroying Videogames,Croatia,Digital Rights,2024,1294188,True,14403,0.0035409956976029,4067500.0,73,14853.239837492318,6.93,67.9,78.1,45,56.15,52.19,75.16,73.54
eci_table_05,Stop Destroying Videogames,Cyprus,Digital Rights,2024,1294188,True,1997,0.0016661452141084,1198575.0,131,20494.87761299877,7.27,75.9,80.8,39,65.69,56.86,78.31,79.14
eci_table_05,Stop Destroying Videogames,Czech Republic,Digital Rights,2024,1294188,True,25935,0.0024307129650864,10669709.0,139,23101.777704996453,1.93,64.1,79.0,58,68.72,61.62,82.53,80.66
eci_table_05,Stop Destroying Videogames,Denmark,Digital Rights,2024,1294188,True,36010,0.0061888239223738,5818553.0,137,59822.092960913134,4.91,80.6,81.0,73,89.45,82.56,94.09,87.48
eci_table_05,Stop Destroying Videogames,Estonia,Digital Rights,2024,1294188,True,9296,0.0069799012482129,1331824.0,31,23566.890205462583,5.11,69.6,78.2,71,79.03,61.94,87.2,82.19
eci_table_05,Stop Destroying Videogames,Finland,Digital Rights,2024,1294188,True,54538,0.0098795104771214,5520314.0,18,48685.853986747854,6.59,88.2,81.7,74,90.41,77.27,91.96,88.38
eci_table_05,Stop Destroying Videogames,France,Digital Rights,2024,1294188,True,145289,0.0021665559919598,67059887.0,119,40493.9285720389,8.43,65.6,82.5,57,77.24,60.6,79.06,81.27
eci_table_05,Stop Destroying Videogames,Germany,Digital Rights,2024,1294188,True,233180,0.0028049097685258,83132799.0,240,46258.8782897109,3.04,70.2,80.9,61,84.39,65.96,87.7,83.45
eci_table_05,Stop Destroying Videogames,Greece,Digital Rights,2024,1294188,True,19618,0.00183066540927,10716322.0,81,19582.53601086268,17.24,136.6,81.3,38,60.81,52.31,73.3,79.34
eci_table_05,Stop Destroying Videogames,Hungary,Digital Rights,2024,1294188,True,25595,0.0026197680254011,9769949.0,107,16475.741838979917,3.4,48.5,75.8,41,45.75,59.51,60.36,77.34
eci_table_05,Stop Destroying Videogames,Republic of Ireland,Digital Rights,2024,1294188,True,36073,0.0072044143989228,5007069.0,72,77629.9889911643,4.93,77.8,82.3,70,81.72,67.73,88.59,85.0
eci_table_05,Stop Destroying Videogames,Italy,Digital Rights,2024,1294188,True,77030,0.0012775012705357,60297396.0,206,33189.56579886136,9.89,61.9,82.9,47,62.33,60.97,78.44,80.0
eci_table_05,Stop Destroying Videogames,Latvia,Digital Rights,2024,1294188,True,7526,0.0039345688416234,1912789.0,30,17836.364886560932,6.52,88.1,74.7,55,68.82,55.06,81.39,81.36
eci_table_05,Stop Destroying Videogames,Lithuania,Digital Rights,2024,1294188,True,14461,0.0051890238563766,2786844.0,43,19455.45412660343,6.35,72.4,75.7,54,72.57,47.26,79.62,81.8
eci_table_05,Stop Destroying Videogames,Luxembourg,Digital Rights,2024,1294188,True,2465,0.0038193545987973,645397.0,242,110172.37314087298,5.36,19.2,82.1,53,86.31,66.6,89.2,78.79
eci_table_05,Stop Destroying Videogames,Malta,Digital Rights,2024,1294188,True,2007,0.0039928141282355,502653.0,1380,29416.230606402427,3.47,54.3,82.3,45,70.26,68.19,81.05,78.33
eci_table_05,Stop Destroying Videogames,Netherlands,Digital Rights,2024,1294188,True,90413,0.005216280069348,17332850.0,508,52447.83143920359,3.2,85.0,81.8,64,87.34,74.03,90.08,86.43
eci_table_05,Stop Destroying Videogames,Poland,Digital Rights,2024,1294188,True,143826,0.0037877979843181,37970874.0,124,15595.227033436207,3.47,67.8,77.6,53,58.03,63.27,67.09,78.63
eci_table_05,Stop Destroying Videogames,Portugal,Digital Rights,2024,1294188,True,31585,0.0030756371077345,10269417.0,111,23145.04081731222,6.33,63.9,81.3,60,73.19,62.92,85.78,77.64
eci_table_05,Stop Destroying Videogames,Romania,Digital Rights,2024,1294188,True,38221,0.001974577693208,19356544.0,84,12919.529644186485,3.98,49.4,75.4,32,57.11,49.96,73.56,70.47
eci_table_05,Stop Destroying Videogames,Slovakia,Digital Rights,2024,1294188,True,18628,0.0034154291664229,5454073.0,114,19329.0968008679,5.56,46.6,77.2,48,61.93,61.15,78.6,72.75
eci_table_05,Stop Destroying Videogames,Slovenia,Digital Rights,2024,1294188,True,6520,0.0031226861231085,2087946.0,103,25739.247814359183,4.2,78.6,81.0,55,63.66,62.69,75.8,81.8
eci_table_05,Stop Destroying Videogames,Spain,Digital Rights,2024,1294188,True,121616,0.0025833542017242,47076781.0,94,29613.67113798626,13.96,88.9,83.3,58,72.48,69.27,83.65,80.98
eci_table_05,Stop Destroying Videogames,Sweden,Digital Rights,2024,1294188,True,71158,0.0069183146332981,10285453.0,25,51610.06605523354,6.48,67.0,82.5,71,86.41,78.29,91.9,85.92
eci_table_06,Stop Cruelty Stop Slaughter,Austria,Animal Welfare,2024,590368,False,714,8.043197150590393e-05,8877067.0,109,50277.27508736838,4.67,85.1,81.6,59,81.19,67.94,85.99,81.93
eci_table_06,Stop Cruelty Stop Slaughter,Belgium,Animal Welfare,2024,590368,False,564,4.911157252381672e-05,11484055.0,383,46116.699233676605,5.59,79.7,81.6,61,80.31,64.55,87.7,84.79
eci_table_06,Stop Cruelty Stop Slaughter,Bulgaria,Animal Welfare,2024,590368,False,122,1.748913129334563e-05,6975761.0,64,12328.404026456756,4.34,71.0,74.9,31,53.12,54.62,68.31,72.79
eci_table_06,Stop Cruelty Stop Slaughter,Croatia,Animal Welfare,2024,590368,False,472,0.0001160417947141,4067500.0,73,14853.239837492318,6.93,67.9,78.1,45,56.15,52.19,75.16,73.54
eci_table_06,Stop Cruelty Stop Slaughter,Cyprus,Animal Welfare,2024,590368,False,29,2.4195398702626037e-05,1198575.0,131,20494.87761299877,7.27,75.9,80.8,39,65.69,56.86,78.31,79.14
eci_table_06,Stop Cruelty Stop Slaughter,Czech Republic,Animal Welfare,2024,590368,False,289,2.708602455793312e-05,10669709.0,139,23101.777704996453,1.93,64.1,79.0,58,68.72,61.62,82.53,80.66
eci_table_06,Stop Cruelty Stop Slaughter,Denmark,Animal Welfare,2024,590368,False,56088,0.0096395100293835,5818553.0,137,59822.092960913134,4.91,80.6,81.0,73,89.45,82.56,94.09,87.48
eci_table_06,Stop Cruelty Stop Slaughter,Estonia,Animal Welfare,2024,590368,False,74,5.556289719962998e-05,1331824.0,31,23566.890205462583,5.11,69.6,78.2,71,79.03,61.94,87.2,82.19
eci_table_06,Stop Cruelty Stop Slaughter,Finland,Animal Welfare,2024,590368,False,48444,0.0087755877654785,5520314.0,18,48685.853986747854,6.59,88.2,81.7,74,90.41,77.27,91.96,88.38
eci_table_06,Stop Cruelty Stop Slaughter,France,Animal Welfare,2024,590368,False,230654,0.0034395226463772,67059887.0,119,40493.9285720389,8.43,65.6,82.5,57,77.24,60.6,79.06,81.27
eci_table_06,Stop Cruelty Stop Slaughter,Germany,Animal Welfare,2024,590368,False,122277,0.0014708635035853,83132799.0,240,46258.8782897109,3.04,70.2,80.9,61,84.39,65.96,87.7,83.45
eci_table_06,Stop Cruelty Stop Slaughter,Greece,Animal Welfare,2024,590368,False,7144,0.0006666466349182,10716322.0,81,19582.53601086268,17.24,136.6,81.3,38,60.81,52.31,73.3,79.34
eci_table_06,Stop Cruelty Stop Slaughter,Hungary,Animal Welfare,2024,590368,False,302,3.091111325146119e-05,9769949.0,107,16475.741838979917,3.4,48.5,75.8,41,45.75,59.51,60.36,77.34
eci_table_06,Stop Cruelty Stop Slaughter,Republic of Ireland,Animal Welfare,2024,590368,False,29923,0.0059761509178323,5007069.0,72,77629.9889911643,4.93,77.8,82.3,70,81.72,67.73,88.59,85.0
eci_table_06,Stop Cruelty Stop Slaughter,Italy,Animal Welfare,2024,590368,False,13910,0.0002306898957958,60297396.0,206,33189.56579886136,9.89,61.9,82.9,47,62.33,60.97,78.44,80.0
eci_table_06,Stop Cruelty Stop Slaughter,Latvia,Animal Welfare,2024,590368,False,54,2.823102809562372e-05,1912789.0,30,17836.364886560932,6.52,88.1,74.7,55,68.82,55.06,81.39,81.36
eci_table_06,Stop Cruelty Stop Slaughter,Lithuania,Animal Welfare,2024,590368,False,97,3.480639748762399e-05,2786844.0,43,19455.45412660343,6.35,72.4,75.7,54,72.57,47.26,79.62,81.8
eci_table_06,Stop Cruelty Stop Slaughter,Luxembourg,Animal Welfare,2024,590368,False,1515,0.0023473923801938,645397.0,242,110172.37314087298,5.36,19.2,82.1,53,86.31,66.6,89.2,78.79
eci_table_06,Stop Cruelty Stop Slaughter,Malta,Animal Welfare,2024,590368,False,193,0.0003839626939459,502653.0,1380,29416.230606402427,3.47,54.3,82.3,45,70.26,68.19,81.05,78.33
eci_table_06,Stop Cruelty Stop Slaughter,Netherlands,Animal Welfare,2024,590368,False,69235,0.0039944383064527,17332850.0,508,52447.83143920359,3.2,85.0,81.8,64,87.34,74.03,90.08,86.43
eci_table_06,Stop Cruelty Stop Slaughter,Poland,Animal Welfare,2024,590368,False,1437,3.784479651429673e-05,37970874.0,124,15595.227033436207,3.47,67.8,77.6,53,58.03,63.27,67.09,78.63
eci_table_06,Stop Cruelty Stop Slaughter,Portugal,Animal Welfare,2024,590368,False,309,3.0089341975303956e-05,10269417.0,111,23145.04081731222,6.33,63.9,81.3,60,73.19,62.92,85.78,77.64
eci_table_06,Stop Cruelty Stop Slaughter,Romania,Animal Welfare,2024,590368,False,901,4.654756551582762e-05,19356544.0,84,12919.529644186485,3.98,49.4,75.4,32,57.11,49.96,73.56,70.47
eci_table_06,Stop Cruelty Stop Slaughter,Slovakia,Animal Welfare,2024,590368,False,2143,0.0003929173665258,5454073.0,114,19329.0968008679,5.56,46.6,77.2,48,61.93,61.15,78.6,72.75
eci_table_06,Stop Cruelty Stop Slaughter,Slovenia,Animal Welfare,2024,590368,False,123,5.890956950036064e-05,2087946.0,103,25739.247814359183,4.2,78.6,81.0,55,63.66,62.69,75.8,81.8
eci_table_06,Stop Cruelty Stop Slaughter,Spain,Animal Welfare,2024,590368,False,3014,6.402306903694201e-05,47076781.0,94,29613.67113798626,13.96,88.9,83.3,58,72.48,69.27,83.65,80.98
eci_table_06,Stop Cruelty Stop Slaughter,Sweden,Animal Welfare,2024,590368,False,341,3.315361997181845e-05,10285453.0,25,51610.06605523354,6.48,67.0,82.5,71,86.41,78.29,91.9,85.92
eci_table_07,STOP FAKE FOOD: ORIGIN ON LABEL,Austria,Agriculture,2024,868587,False,352,3.965273665277056e-05,8877067.0,109,50277.27508736838,4.67,85.1,81.6,59,81.19,67.94,85.99,81.93
eci_table_07,STOP FAKE FOOD: ORIGIN ON LABEL,Belgium,Agriculture,2024,868587,False,426,3.709491116160624e-05,11484055.0,383,46116.699233676605,5.59,79.7,81.6,61,80.31,64.55,87.7,84.79
eci_table_07,STOP FAKE FOOD: ORIGIN ON LABEL,Bulgaria,Agriculture,2024,868587,False,185,2.652040401040116e-05,6975761.0,64,12328.404026456756,4.34,71.0,74.9,31,53.12,54.62,68.31,72.79
eci_table_07,STOP FAKE FOOD: ORIGIN ON LABEL,Croatia,Agriculture,2024,868587,False,217,5.334972341733252e-05,4067500.0,73,14853.239837492318,6.93,67.9,78.1,45,56.15,52.19,75.16,73.54
eci_table_07,STOP FAKE FOOD: ORIGIN ON LABEL,Cyprus,Agriculture,2024,868587,False,63,5.256241787122208e-05,1198575.0,131,20494.87761299877,7.27,75.9,80.8,39,65.69,56.86,78.31,79.14
eci_table_07,STOP FAKE FOOD: ORIGIN ON LABEL,Czech Republic,Agriculture,2024,868587,False,1235,0.0001157482364326,10669709.0,139,23101.777704996453,1.93,64.1,79.0,58,68.72,61.62,82.53,80.66
eci_table_07,STOP FAKE FOOD: ORIGIN ON LABEL,Denmark,Agriculture,2024,868587,False,141,2.423282902123604e-05,5818553.0,137,59822.092960913134,4.91,80.6,81.0,73,89.45,82.56,94.09,87.48
eci_table_07,STOP FAKE FOOD: ORIGIN ON LABEL,Estonia,Agriculture,2024,868587,False,35,2.6279748675500667e-05,1331824.0,31,23566.890205462583,5.11,69.6,78.2,71,79.03,61.94,87.2,82.19
eci_table_07,STOP FAKE FOOD: ORIGIN ON LABEL,Finland,Agriculture,2024,868587,False,385,6.97424095803246e-05,5520314.0,18,48685.853986747854,6.59,88.2,81.7,74,90.41,77.27,91.96,88.38
eci_table_07,STOP FAKE FOOD: ORIGIN ON LABEL,France,Agriculture,2024,868587,False,1654,2.4664521131686367e-05,67059887.0,119,40493.9285720389,8.43,65.6,82.5,57,77.24,60.6,79.06,81.27
eci_table_07,STOP FAKE FOOD: ORIGIN ON LABEL,Germany,Agriculture,2024,868587,False,1583,1.9041822470093905e-05,83132799.0,240,46258.8782897109,3.04,70.2,80.9,61,84.39,65.96,87.7,83.45
eci_table_07,STOP FAKE FOOD: ORIGIN ON LABEL,Greece,Agriculture,2024,868587,False,251,2.3422215196594502e-05,10716322.0,81,19582.53601086268,17.24,136.6,81.3,38,60.81,52.31,73.3,79.34
eci_table_07,STOP FAKE FOOD: ORIGIN ON LABEL,Hungary,Agriculture,2024,868587,False,185,1.8935615733510996e-05,9769949.0,107,16475.741838979917,3.4,48.5,75.8,41,45.75,59.51,60.36,77.34
eci_table_07,STOP FAKE FOOD: ORIGIN ON LABEL,Republic of Ireland,Agriculture,2024,868587,False,216,4.313901006756647e-05,5007069.0,72,77629.9889911643,4.93,77.8,82.3,70,81.72,67.73,88.59,85.0
eci_table_07,STOP FAKE FOOD: ORIGIN ON LABEL,Italy,Agriculture,2024,868587,False,841188,0.0139506521973187,60297396.0,206,33189.56579886136,9.89,61.9,82.9,47,62.33,60.97,78.44,80.0
eci_table_07,STOP FAKE FOOD: ORIGIN ON LABEL,Latvia,Agriculture,2024,868587,False,85,4.443772940977808e-05,1912789.0,30,17836.364886560932,6.52,88.1,74.7,55,68.82,55.06,81.39,81.36
eci_table_07,STOP FAKE FOOD: ORIGIN ON LABEL,Lithuania,Agriculture,2024,868587,False,91,3.265342444715241e-05,2786844.0,43,19455.45412660343,6.35,72.4,75.7,54,72.57,47.26,79.62,81.8
eci_table_07,STOP FAKE FOOD: ORIGIN ON LABEL,Luxembourg,Agriculture,2024,868587,False,49,7.592226180165076e-05,645397.0,242,110172.37314087298,5.36,19.2,82.1,53,86.31,66.6,89.2,78.79
eci_table_07,STOP FAKE FOOD: ORIGIN ON LABEL,Malta,Agriculture,2024,868587,False,19,3.779943619156754e-05,502653.0,1380,29416.230606402427,3.47,54.3,82.3,45,70.26,68.19,81.05,78.33
eci_table_07,STOP FAKE FOOD: ORIGIN ON LABEL,Netherlands,Agriculture,2024,868587,False,503,2.902003998188411e-05,17332850.0,508,52447.83143920359,3.2,85.0,81.8,64,87.34,74.03,90.08,86.43
eci_table_07,STOP FAKE FOOD: ORIGIN ON LABEL,Poland,Agriculture,2024,868587,False,766,2.0173357084169303e-05,37970874.0,124,15595.227033436207,3.47,67.8,77.6,53,58.03,63.27,67.09,78.63
eci_table_07,STOP FAKE FOOD: ORIGIN ON LABEL,Portugal,Agriculture,2024,868587,False,292,2.8433941284106e-05,10269417.0,111,23145.04081731222,6.33,63.9,81.3,60,73.19,62.92,85.78,77.64
eci_table_07,STOP FAKE FOOD: ORIGIN ON LABEL,Romania,Agriculture,2024,868587,False,503,2.598604378963517e-05,19356544.0,84,12919.529644186485,3.98,49.4,75.4,32,57.11,49.96,73.56,70.47
eci_table_07,STOP FAKE FOOD: ORIGIN ON LABEL,Slovakia,Agriculture,2024,868587,False,5214,0.0009559828040438,5454073.0,114,19329.0968008679,5.56,46.6,77.2,48,61.93,61.15,78.6,72.75
eci_table_07,STOP FAKE FOOD: ORIGIN ON LABEL,Slovenia,Agriculture,2024,868587,False,179,8.573018650865492e-05,2087946.0,103,25739.247814359183,4.2,78.6,81.0,55,63.66,62.69,75.8,81.8
eci_table_07,STOP FAKE FOOD: ORIGIN ON LABEL,Spain,Agriculture,2024,868587,False,12356,0.0002624648443996,47076781.0,94,29613.67113798626,13.96,88.9,83.3,58,72.48,69.27,83.65,80.98
eci_table_07,STOP FAKE FOOD: ORIGIN ON LABEL,Sweden,Agriculture,2024,868587,False,414,4.025102248777959e-05,10285453.0,25,51610.06605523354,6.48,67.0,82.5,71,86.41,78.29,91.9,85.92
eci_table_08,Water-Smart and Resilient Europe,Austria,Environment,2024,4442,False,177,1.993901814642156e-05,8877067.0,109,50277.27508736838,4.67,85.1,81.6,59,81.19,67.94,85.99,81.93
eci_table_08,Water-Smart and Resilient Europe,Belgium,Environment,2024,4442,False,217,1.889576460579473e-05,11484055.0,383,46116.699233676605,5.59,79.7,81.6,61,80.31,64.55,87.7,84.79
eci_table_08,Water-Smart and Resilient Europe,Bulgaria,Environment,2024,4442,False,50,7.167676759567881e-06,6975761.0,64,12328.404026456756,4.34,71.0,74.9,31,53.12,54.62,68.31,72.79
eci_table_08,Water-Smart and Resilient Europe,Croatia,Environment,2024,4442,False,64,1.5734480639213277e-05,4067500.0,73,14853.239837492318,6.93,67.9,78.1,45,56.15,52.19,75.16,73.54
eci_table_08,Water-Smart and Resilient Europe,Cyprus,Environment,2024,4442,False,20,1.6686481863880024e-05,1198575.0,131,20494.87761299877,7.27,75.9,80.8,39,65.69,56.86,78.31,79.14
eci_table_08,Water-Smart and Resilient Europe,Czech Republic,Environment,2024,4442,False,44,4.123823808128226e-06,10669709.0,139,23101.777704996453,1.93,64.1,79.0,58,68.72,61.62,82.53,80.66
eci_table_08,Water-Smart and Resilient Europe,Denmark,Environment,2024,4442,False,43,7.390153531298933e-06,5818553.0,137,59822.092960913134,4.91,80.6,81.0,73,89.45,82.56,94.09,87.48
eci_table_08,Water-Smart and Resilient Europe,Estonia,Environment,2024,4442,False,10,7.508499621571619e-06,1331824.0,31,23566.890205462583,5.11,69.6,78.2,71,79.03,61.94,87.2,82.19
eci_table_08,Water-Smart and Resilient Europe,Finland,Environment,2024,4442,False,118,2.137559566358001e-05,5520314.0,18,48685.853986747854,6.59,88.2,81.7,74,90.41,77.27,91.96,88.38
eci_table_08,Water-Smart and Resilient Europe,France,Environment,2024,4442,False,663,9.886685314575613e-06,67059887.0,119,40493.9285720389,8.43,65.6,82.5,57,77.24,60.6,79.06,81.27
eci_table_08,Water-Smart and Resilient Europe,Germany,Environment,2024,4442,False,769,9.250259936514348e-06,83132799.0,240,46258.8782897109,3.04,70.2,80.9,61,84.39,65.96,87.7,83.45
eci_table_08,Water-Smart and Resilient Europe,Greece,Environment,2024,4442,False,84,7.83851026499577e-06,10716322.0,81,19582.53601086268,17.24,136.6,81.3,38,60.81,52.31,73.3,79.34
eci_table_08,Water-Smart and Resilient Europe,Hungary,Environment,2024,4442,False,106,1.0849596041903597e-05,9769949.0,107,16475.741838979917,3.4,48.5,75.8,41,45.75,59.51,60.36,77.34
eci_table_08,Water-Smart and Resilient Europe,Republic of Ireland,Environment,2024,4442,False,68,1.3580799465715372e-05,5007069.0,72,77629.9889911643,4.93,77.8,82.3,70,81.72,67.73,88.59,85.0
eci_table_08,Water-Smart and Resilient Europe,Italy,Environment,2024,4442,False,745,1.2355425763328154e-05,60297396.0,206,33189.56579886136,9.89,61.9,82.9,47,62.33,60.97,78.44,80.0
eci_table_08,Water-Smart and Resilient Europe,Latvia,Environment,2024,4442,False,13,6.796358615613118e-06,1912789.0,30,17836.364886560932,6.52,88.1,74.7,55,68.82,55.06,81.39,81.36
eci_table_08,Water-Smart and Resilient Europe,Lithuania,Environment,2024,4442,False,19,6.817747961493359e-06,2786844.0,43,19455.45412660343,6.35,72.4,75.7,54,72.57,47.26,79.62,81.8
eci_table_08,Water-Smart and Resilient Europe,Luxembourg,Environment,2024,4442,False,48,7.437282788733136e-05,645397.0,242,110172.37314087298,5.36,19.2,82.1,53,86.31,66.6,89.2,78.79
eci_table_08,Water-Smart and Resilient Europe,Malta,Environment,2024,4442,False,2,3.978888020165005e-06,502653.0,1380,29416.230606402427,3.47,54.3,82.3,45,70.26,68.19,81.05,78.33
eci_table_08,Water-Smart and Resilient Europe,Netherlands,Environment,2024,4442,False,175,1.0096435381371212e-05,17332850.0,508,52447.83143920359,3.2,85.0,81.8,64,87.34,74.03,90.08,86.43
eci_table_08,Water-Smart and Resilient Europe,Poland,Environment,2024,4442,False,260,6.847353579483053e-06,37970874.0,124,15595.227033436207,3.47,67.8,77.6,53,58.03,63.27,67.09,78.63
eci_table_08,Water-Smart and Resilient Europe,Portugal,Environment,2024,4442,False,106,1.0321910192175466e-05,10269417.0,111,23145.04081731222,6.33,63.9,81.3,60,73.19,62.92,85.78,77.64
eci_table_08,Water-Smart and Resilient Europe,Romania,Environment,2024,4442,False,122,6.302778016571553e-06,19356544.0,84,12919.529644186485,3.98,49.4,75.4,32,57.11,49.96,73.56,70.47
eci_table_08,Water-Smart and Resilient Europe,Slovakia,Environment,2024,4442,False,40,7.333968577244931e-06,5454073.0,114,19329.0968008679,5.56,46.6,77.2,48,61.93,61.15,78.6,72.75
eci_table_08,Water-Smart and Resilient Europe,Slovenia,Environment,2024,4442,False,43,2.059440234565453e-05,2087946.0,103,25739.247814359183,4.2,78.6,81.0,55,63.66,62.69,75.8,81.8
eci_table_08,Water-Smart and Resilient Europe,Spain,Environment,2024,4442,False,316,6.712438558617676e-06,47076781.0,94,29613.67113798626,13.96,88.9,83.3,58,72.48,69.27,83.65,80.98
eci_table_08,Water-Smart and Resilient Europe,Sweden,Environment,2024,4442,False,120,1.1666963039936112e-05,10285453.0,25,51610.06605523354,6.48,67.0,82.5,71,86.41,78.29,91.9,85.92
eci_table_09,PsychedeliCare,Austria,Health,2024,74016,False,1139,0.0001283081450213,8877067.0,109,50277.27508736838,4.67,85.1,81.6,59,81.19,67.94,85.99,81.93
eci_table_09,PsychedeliCare,Belgium,Health,2024,74016,False,2993,0.0002606222279499,11484055.0,383,46116.699233676605,5.59,79.7,81.6,61,80.31,64.55,87.7,84.79
eci_table_09,PsychedeliCare,Bulgaria,Health,2024,74016,False,197,2.824064643269745e-05,6975761.0,64,12328.404026456756,4.34,71.0,74.9,31,53.12,54.62,68.31,72.79
eci_table_09,PsychedeliCare,Croatia,Health,2024,74016,False,1115,0.0002741241548862,4067500.0,73,14853.239837492318,6.93,67.9,78.1,45,56.15,52.19,75.16,73.54
eci_table_09,PsychedeliCare,Cyprus,Health,2024,74016,False,53,4.421917693928207e-05,1198575.0,131,20494.87761299877,7.27,75.9,80.8,39,65.69,56.86,78.31,79.14
eci_table_09,PsychedeliCare,Czech Republic,Health,2024,74016,False,547,5.1266627796503165e-05,10669709.0,139,23101.777704996453,1.93,64.1,79.0,58,68.72,61.62,82.53,80.66
eci_table_09,PsychedeliCare,Denmark,Health,2024,74016,False,882,0.0001515840794094,5818553.0,137,59822.092960913134,4.91,80.6,81.0,73,89.45,82.56,94.09,87.48
eci_table_09,PsychedeliCare,Estonia,Health,2024,74016,False,789,0.000592420620142,1331824.0,31,23566.890205462583,5.11,69.6,78.2,71,79.03,61.94,87.2,82.19
eci_table_09,PsychedeliCare,Finland,Health,2024,74016,False,909,0.0001646645462558,5520314.0,18,48685.853986747854,6.59,88.2,81.7,74,90.41,77.27,91.96,88.38
eci_table_09,PsychedeliCare,France,Health,2024,74016,False,28671,0.0004275432196895,67059887.0,119,40493.9285720389,8.43,65.6,82.5,57,77.24,60.6,79.06,81.27
eci_table_09,PsychedeliCare,Germany,Health,2024,74016,False,4800,5.7738943686955614e-05,83132799.0,240,46258.8782897109,3.04,70.2,80.9,61,84.39,65.96,87.7,83.45
eci_table_09,PsychedeliCare,Greece,Health,2024,74016,False,880,8.211772658566997e-05,10716322.0,81,19582.53601086268,17.24,136.6,81.3,38,60.81,52.31,73.3,79.34
eci_table_09,PsychedeliCare,Hungary,Health,2024,74016,False,662,6.775879792207718e-05,9769949.0,107,16475.741838979917,3.4,48.5,75.8,41,45.75,59.51,60.36,77.34
eci_table_09,PsychedeliCare,Republic of Ireland,Health,2024,74016,False,1304,0.000260431801519,5007069.0,72,77629.9889911643,4.93,77.8,82.3,70,81.72,67.73,88.59,85.0
eci_table_09,PsychedeliCare,Italy,Health,2024,74016,False,11485,0.0001904725703245,60297396.0,206,33189.56579886136,9.89,61.9,82.9,47,62.33,60.97,78.44,80.0
eci_table_09,PsychedeliCare,Latvia,Health,2024,74016,False,312,0.0001631126067747,1912789.0,30,17836.364886560932,6.52,88.1,74.7,55,68.82,55.06,81.39,81.36
eci_table_09,PsychedeliCare,Lithuania,Health,2024,74016,False,497,0.000178337933519,2786844.0,43,19455.45412660343,6.35,72.4,75.7,54,72.57,47.26,79.62,81.8
eci_table_09,PsychedeliCare,Luxembourg,Health,2024,74016,False,305,0.0004725773438674,645397.0,242,110172.37314087298,5.36,19.2,82.1,53,86.31,66.6,89.2,78.79
eci_table_09,PsychedeliCare,Malta,Health,2024,74016,False,163,0.0003242793736434,502653.0,1380,29416.230606402427,3.47,54.3,82.3,45,70.26,68.19,81.05,78.33
eci_table_09,PsychedeliCare,Netherlands,Health,2024,74016,False,1207,6.963655717322887e-05,17332850.0,508,52447.83143920359,3.2,85.0,81.8,64,87.34,74.03,90.08,86.43
eci_table_09,PsychedeliCare,Poland,Health,2024,74016,False,6790,0.0001788212723257,37970874.0,124,15595.227033436207,3.47,67.8,77.6,53,58.03,63.27,67.09,78.63
eci_table_09,PsychedeliCare,Portugal,Health,2024,74016,False,1373,0.000133697949942,10269417.0,111,23145.04081731222,6.33,63.9,81.3,60,73.19,62.92,85.78,77.64
eci_table_09,PsychedeliCare,Romania,Health,2024,74016,False,813,4.2001299405513714e-05,19356544.0,84,12919.529644186485,3.98,49.4,75.4,32,57.11,49.96,73.56,70.47
eci_table_09,PsychedeliCare,Slovakia,Health,2024,74016,False,331,6.0688589976701816e-05,5454073.0,114,19329.0968008679,5.56,46.6,77.2,48,61.93,61.15,78.6,72.75
eci_table_09,PsychedeliCare,Slovenia,Health,2024,74016,False,528,0.000252880103221,2087946.0,103,25739.247814359183,4.2,78.6,81.0,55,63.66,62.69,75.8,81.8
eci_table_09,PsychedeliCare,Spain,Health,2024,74016,False,4103,8.715549179116559e-05,47076781.0,94,29613.67113798626,13.96,88.9,83.3,58,72.48,69.27,83.65,80.98
eci_table_09,PsychedeliCare,Sweden,Health,2024,74016,False,1168,0.0001135584402553,10285453.0,25,51610.06605523354,6.48,67.0,82.5,71,86.41,78.29,91.9,85.92
eci_table_10,Stop torture and inhuman treatment at Europe’s borders,Austria,Human Rights,2023,25124,False,200,2.2529964007256e-05,8877067.0,109,50277.27508736838,4.67,85.1,81.6,59,81.19,67.94,85.99,81.93
eci_table_10,Stop torture and inhuman treatment at Europe’s borders,Belgium,Human Rights,2023,25124,False,253,2.2030545830719203e-05,11484055.0,383,46116.699233676605,5.59,79.7,81.6,61,80.31,64.55,87.7,84.79
eci_table_10,Stop torture and inhuman treatment at Europe’s borders,Bulgaria,Human Rights,2023,25124,False,36,5.160727266888874e-06,6975761.0,64,12328.404026456756,4.34,71.0,74.9,31,53.12,54.62,68.31,72.79
eci_table_10,Stop torture and inhuman treatment at Europe’s borders,Croatia,Human Rights,2023,25124,False,44,1.0817455439459127e-05,4067500.0,73,14853.239837492318,6.93,67.9,78.1,45,56.15,52.19,75.16,73.54
eci_table_10,Stop torture and inhuman treatment at Europe’s borders,Cyprus,Human Rights,2023,25124,False,1,8.343240931940012e-07,1198575.0,131,20494.87761299877,7.27,75.9,80.8,39,65.69,56.86,78.31,79.14
eci_table_10,Stop torture and inhuman treatment at Europe’s borders,Czech Republic,Human Rights,2023,25124,False,17,1.59329556223136e-06,10669709.0,139,23101.777704996453,1.93,64.1,79.0,58,68.72,61.62,82.53,80.66
eci_table_10,Stop torture and inhuman treatment at Europe’s borders,Denmark,Human Rights,2023,25124,False,65,1.11711623147542e-05,5818553.0,137,59822.092960913134,4.91,80.6,81.0,73,89.45,82.56,94.09,87.48
eci_table_10,Stop torture and inhuman treatment at Europe’s borders,Estonia,Human Rights,2023,25124,False,6,4.505099772942971e-06,1331824.0,31,23566.890205462583,5.11,69.6,78.2,71,79.03,61.94,87.2,82.19
eci_table_10,Stop torture and inhuman treatment at Europe’s borders,Finland,Human Rights,2023,25124,False,127,2.3005937705717464e-05,5520314.0,18,48685.853986747854,6.59,88.2,81.7,74,90.41,77.27,91.96,88.38
eci_table_10,Stop torture and inhuman treatment at Europe’s borders,France,Human Rights,2023,25124,False,2497,3.723537440497029e-05,67059887.0,119,40493.9285720389,8.43,65.6,82.5,57,77.24,60.6,79.06,81.27
eci_table_10,Stop torture and inhuman treatment at Europe’s borders,Germany,Human Rights,2023,25124,False,2899,3.48719161976009e-05,83132799.0,240,46258.8782897109,3.04,70.2,80.9,61,84.39,65.96,87.7,83.45
eci_table_10,Stop torture and inhuman treatment at Europe’s borders,Greece,Human Rights,2023,25124,False,146,1.362407736534979e-05,10716322.0,81,19582.53601086268,17.24,136.6,81.3,38,60.81,52.31,73.3,79.34
eci_table_10,Stop torture and inhuman treatment at Europe’s borders,Hungary,Human Rights,2023,25124,False,36,3.684768467061599e-06,9769949.0,107,16475.741838979917,3.4,48.5,75.8,41,45.75,59.51,60.36,77.34
eci_table_10,Stop torture and inhuman treatment at Europe’s borders,Republic of Ireland,Human Rights,2023,25124,False,91,1.8174305167354395e-05,5007069.0,72,77629.9889911643,4.93,77.8,82.3,70,81.72,67.73,88.59,85.0
eci_table_10,Stop torture and inhuman treatment at Europe’s borders,Italy,Human Rights,2023,25124,False,16817,0.0002789009329689,60297396.0,206,33189.56579886136,9.89,61.9,82.9,47,62.33,60.97,78.44,80.0
eci_table_10,Stop torture and inhuman treatment at Europe’s borders,Latvia,Human Rights,2023,25124,False,9,4.70517134927062e-06,1912789.0,30,17836.364886560932,6.52,88.1,74.7,55,68.82,55.06,81.39,81.36
eci_table_10,Stop torture and inhuman treatment at Europe’s borders,Lithuania,Human Rights,2023,25124,False,13,4.664774921021772e-06,2786844.0,43,19455.45412660343,6.35,72.4,75.7,54,72.57,47.26,79.62,81.8
eci_table_10,Stop torture and inhuman treatment at Europe’s borders,Luxembourg,Human Rights,2023,25124,False,47,7.282339397301196e-05,645397.0,242,110172.37314087298,5.36,19.2,82.1,53,86.31,66.6,89.2,78.79
eci_table_10,Stop torture and inhuman treatment at Europe’s borders,Malta,Human Rights,2023,25124,False,15,2.9841660151237533e-05,502653.0,1380,29416.230606402427,3.47,54.3,82.3,45,70.26,68.19,81.05,78.33
eci_table_10,Stop torture and inhuman treatment at Europe’s borders,Netherlands,Human Rights,2023,25124,False,192,1.1077231961275845e-05,17332850.0,508,52447.83143920359,3.2,85.0,81.8,64,87.34,74.03,90.08,86.43
eci_table_10,Stop torture and inhuman treatment at Europe’s borders,Poland,Human Rights,2023,25124,False,450,1.1851188887566824e-05,37970874.0,124,15595.227033436207,3.47,67.8,77.6,53,58.03,63.27,67.09,78.63
eci_table_10,Stop torture and inhuman treatment at Europe’s borders,Portugal,Human Rights,2023,25124,False,106,1.0321910192175466e-05,10269417.0,111,23145.04081731222,6.33,63.9,81.3,60,73.19,62.92,85.78,77.64
eci_table_10,Stop torture and inhuman treatment at Europe’s borders,Romania,Human Rights,2023,25124,False,59,3.048064778505915e-06,19356544.0,84,12919.529644186485,3.98,49.4,75.4,32,57.11,49.96,73.56,70.47
eci_table_10,Stop torture and inhuman treatment at Europe’s borders,Slovakia,Human Rights,2023,25124,False,10,1.8334921443112327e-06,5454073.0,114,19329.0968008679,5.56,46.6,77.2,48,61.93,61.15,78.6,72.75
eci_table_10,Stop torture and inhuman treatment at Europe’s borders,Slovenia,Human Rights,2023,25124,False,126,6.034638826866212e-05,2087946.0,103,25739.247814359183,4.2,78.6,81.0,55,63.66,62.69,75.8,81.8
eci_table_10,Stop torture and inhuman treatment at Europe’s borders,Spain,Human Rights,2023,25124,False,803,1.705724102079112e-05,47076781.0,94,29613.67113798626,13.96,88.9,83.3,58,72.48,69.27,83.65,80.98
eci_table_10,Stop torture and inhuman treatment at Europe’s borders,Sweden,Human Rights,2023,25124,False,59,5.736256827968588e-06,10285453.0,25,51610.06605523354,6.48,67.0,82.5,71,86.41,78.29,91.9,85.92
eci_table_11,Ensuring a dignified reception of migrants in Europe,Austria,Migration,2023,15364,False,100,1.1264982003628e-05,8877067.0,109,50277.27508736838,4.67,85.1,81.6,59,81.19,67.94,85.99,81.93
eci_table_11,Ensuring a dignified reception of migrants in Europe,Belgium,Migration,2023,15364,False,280,2.4381631749412555e-05,11484055.0,383,46116.699233676605,5.59,79.7,81.6,61,80.31,64.55,87.7,84.79
eci_table_11,Ensuring a dignified reception of migrants in Europe,Bulgaria,Migration,2023,15364,False,21,3.01042423901851e-06,6975761.0,64,12328.404026456756,4.34,71.0,74.9,31,53.12,54.62,68.31,72.79
eci_table_11,Ensuring a dignified reception of migrants in Europe,Croatia,Migration,2023,15364,False,16,3.933620159803319e-06,4067500.0,73,14853.239837492318,6.93,67.9,78.1,45,56.15,52.19,75.16,73.54
eci_table_11,Ensuring a dignified reception of migrants in Europe,Cyprus,Migration,2023,15364,False,4,3.3372963727760048e-06,1198575.0,131,20494.87761299877,7.27,75.9,80.8,39,65.69,56.86,78.31,79.14
eci_table_11,Ensuring a dignified reception of migrants in Europe,Czech Republic,Migration,2023,15364,False,14,1.3121257571317082e-06,10669709.0,139,23101.777704996453,1.93,64.1,79.0,58,68.72,61.62,82.53,80.66
eci_table_11,Ensuring a dignified reception of migrants in Europe,Denmark,Migration,2023,15364,False,25,4.2966008902900776e-06,5818553.0,137,59822.092960913134,4.91,80.6,81.0,73,89.45,82.56,94.09,87.48
eci_table_11,Ensuring a dignified reception of migrants in Europe,Estonia,Migration,2023,15364,False,2,1.501699924314324e-06,1331824.0,31,23566.890205462583,5.11,69.6,78.2,71,79.03,61.94,87.2,82.19
eci_table_11,Ensuring a dignified reception of migrants in Europe,Finland,Migration,2023,15364,False,62,1.1231245179169156e-05,5520314.0,18,48685.853986747854,6.59,88.2,81.7,74,90.41,77.27,91.96,88.38
eci_table_11,Ensuring a dignified reception of migrants in Europe,France,Migration,2023,15364,False,12191,0.0001817927310256,67059887.0,119,40493.9285720389,8.43,65.6,82.5,57,77.24,60.6,79.06,81.27
eci_table_11,Ensuring a dignified reception of migrants in Europe,Germany,Migration,2023,15364,False,862,1.0368951970449111e-05,83132799.0,240,46258.8782897109,3.04,70.2,80.9,61,84.39,65.96,87.7,83.45
eci_table_11,Ensuring a dignified reception of migrants in Europe,Greece,Migration,2023,15364,False,107,9.984769028030326e-06,10716322.0,81,19582.53601086268,17.24,136.6,81.3,38,60.81,52.31,73.3,79.34
eci_table_11,Ensuring a dignified reception of migrants in Europe,Hungary,Migration,2023,15364,False,24,2.456512311374399e-06,9769949.0,107,16475.741838979917,3.4,48.5,75.8,41,45.75,59.51,60.36,77.34
eci_table_11,Ensuring a dignified reception of migrants in Europe,Republic of Ireland,Migration,2023,15364,False,55,1.0984470156093314e-05,5007069.0,72,77629.9889911643,4.93,77.8,82.3,70,81.72,67.73,88.59,85.0
eci_table_11,Ensuring a dignified reception of migrants in Europe,Italy,Migration,2023,15364,False,969,1.6070345724382526e-05,60297396.0,206,33189.56579886136,9.89,61.9,82.9,47,62.33,60.97,78.44,80.0
eci_table_11,Ensuring a dignified reception of migrants in Europe,Latvia,Migration,2023,15364,False,2,1.045593633171249e-06,1912789.0,30,17836.364886560932,6.52,88.1,74.7,55,68.82,55.06,81.39,81.36
eci_table_11,Ensuring a dignified reception of migrants in Europe,Lithuania,Migration,2023,15364,False,11,3.947117240864576e-06,2786844.0,43,19455.45412660343,6.35,72.4,75.7,54,72.57,47.26,79.62,81.8
eci_table_11,Ensuring a dignified reception of migrants in Europe,Luxembourg,Migration,2023,15364,False,15,2.3241508714791053e-05,645397.0,242,110172.37314087298,5.36,19.2,82.1,53,86.31,66.6,89.2,78.79
eci_table_11,Ensuring a dignified reception of migrants in Europe,Malta,Migration,2023,15364,False,2,3.978888020165005e-06,502653.0,1380,29416.230606402427,3.47,54.3,82.3,45,70.26,68.19,81.05,78.33
eci_table_11,Ensuring a dignified reception of migrants in Europe,Netherlands,Migration,2023,15364,False,144,8.307923970956883e-06,17332850.0,508,52447.83143920359,3.2,85.0,81.8,64,87.34,74.03,90.08,86.43
eci_table_11,Ensuring a dignified reception of migrants in Europe,Poland,Migration,2023,15364,False,123,3.239324962601598e-06,37970874.0,124,15595.227033436207,3.47,67.8,77.6,53,58.03,63.27,67.09,78.63
eci_table_11,Ensuring a dignified reception of migrants in Europe,Portugal,Migration,2023,15364,False,48,4.674072539853041e-06,10269417.0,111,23145.04081731222,6.33,63.9,81.3,60,73.19,62.92,85.78,77.64
eci_table_11,Ensuring a dignified reception of migrants in Europe,Romania,Migration,2023,15364,False,33,1.7048497913677153e-06,19356544.0,84,12919.529644186485,3.98,49.4,75.4,32,57.11,49.96,73.56,70.47
eci_table_11,Ensuring a dignified reception of migrants in Europe,Slovakia,Migration,2023,15364,False,14,2.5668890020357262e-06,5454073.0,114,19329.0968008679,5.56,46.6,77.2,48,61.93,61.15,78.6,72.75
eci_table_11,Ensuring a dignified reception of migrants in Europe,Slovenia,Migration,2023,15364,False,6,2.873637536602958e-06,2087946.0,103,25739.247814359183,4.2,78.6,81.0,55,63.66,62.69,75.8,81.8
eci_table_11,Ensuring a dignified reception of migrants in Europe,Spain,Migration,2023,15364,False,200,4.24837883456815e-06,47076781.0,94,29613.67113798626,13.96,88.9,83.3,58,72.48,69.27,83.65,80.98
eci_table_11,Ensuring a dignified reception of migrants in Europe,Sweden,Migration,2023,15364,False,34,3.3056395279818985e-06,10285453.0,25,51610.06605523354,6.48,67.0,82.5,71,86.41,78.29,91.9,85.92
eci_table_12,End The Horse Slaughter Age,Austria,Animal Welfare,2023,15154,False,194,2.185406508703832e-05,8877067.0,109,50277.27508736838,4.67,85.1,81.6,59,81.19,67.94,85.99,81.93
eci_table_12,End The Horse Slaughter Age,Belgium,Animal Welfare,2023,15154,False,182,1.584806063711816e-05,11484055.0,383,46116.699233676605,5.59,79.7,81.6,61,80.31,64.55,87.7,84.79
eci_table_12,End The Horse Slaughter Age,Bulgaria,Animal Welfare,2023,15154,False,84,1.204169695607404e-05,6975761.0,64,12328.404026456756,4.34,71.0,74.9,31,53.12,54.62,68.31,72.79
eci_table_12,End The Horse Slaughter Age,Croatia,Animal Welfare,2023,15154,False,57,1.4013521819299325e-05,4067500.0,73,14853.239837492318,6.93,67.9,78.1,45,56.15,52.19,75.16,73.54
eci_table_12,End The Horse Slaughter Age,Cyprus,Animal Welfare,2023,15154,False,6,5.005944559164007e-06,1198575.0,131,20494.87761299877,7.27,75.9,80.8,39,65.69,56.86,78.31,79.14
eci_table_12,End The Horse Slaughter Age,Czech Republic,Animal Welfare,2023,15154,False,38,3.561484197928922e-06,10669709.0,139,23101.777704996453,1.93,64.1,79.0,58,68.72,61.62,82.53,80.66
eci_table_12,End The Horse Slaughter Age,Denmark,Animal Welfare,2023,15154,False,45,7.733881602522139e-06,5818553.0,137,59822.092960913134,4.91,80.6,81.0,73,89.45,82.56,94.09,87.48
eci_table_12,End The Horse Slaughter Age,Estonia,Animal Welfare,2023,15154,False,8,6.006799697257296e-06,1331824.0,31,23566.890205462583,5.11,69.6,78.2,71,79.03,61.94,87.2,82.19
eci_table_12,End The Horse Slaughter Age,Finland,Animal Welfare,2023,15154,False,81,1.4673078379237123e-05,5520314.0,18,48685.853986747854,6.59,88.2,81.7,74,90.41,77.27,91.96,88.38
eci_table_12,End The Horse Slaughter Age,France,Animal Welfare,2023,15154,False,4130,6.158674260814069e-05,67059887.0,119,40493.9285720389,8.43,65.6,82.5,57,77.24,60.6,79.06,81.27
eci_table_12,End The Horse Slaughter Age,Germany,Animal Welfare,2023,15154,False,3312,3.9839871143999374e-05,83132799.0,240,46258.8782897109,3.04,70.2,80.9,61,84.39,65.96,87.7,83.45
eci_table_12,End The Horse Slaughter Age,Greece,Animal Welfare,2023,15154,False,119,1.1104556208744007e-05,10716322.0,81,19582.53601086268,17.24,136.6,81.3,38,60.81,52.31,73.3,79.34
eci_table_12,End The Horse Slaughter Age,Hungary,Animal Welfare,2023,15154,False,42,4.298896544905199e-06,9769949.0,107,16475.741838979917,3.4,48.5,75.8,41,45.75,59.51,60.36,77.34
eci_table_12,End The Horse Slaughter Age,Republic of Ireland,Animal Welfare,2023,15154,False,68,1.3580799465715372e-05,5007069.0,72,77629.9889911643,4.93,77.8,82.3,70,81.72,67.73,88.59,85.0
eci_table_12,End The Horse Slaughter Age,Italy,Animal Welfare,2023,15154,False,1235,2.0481813178134596e-05,60297396.0,206,33189.56579886136,9.89,61.9,82.9,47,62.33,60.97,78.44,80.0
eci_table_12,End The Horse Slaughter Age,Latvia,Animal Welfare,2023,15154,False,12,6.273561799027493e-06,1912789.0,30,17836.364886560932,6.52,88.1,74.7,55,68.82,55.06,81.39,81.36
eci_table_12,End The Horse Slaughter Age,Lithuania,Animal Welfare,2023,15154,False,1041,0.0003735408225218,2786844.0,43,19455.45412660343,6.35,72.4,75.7,54,72.57,47.26,79.62,81.8
eci_table_12,End The Horse Slaughter Age,Luxembourg,Animal Welfare,2023,15154,False,23,3.563698002934628e-05,645397.0,242,110172.37314087298,5.36,19.2,82.1,53,86.31,66.6,89.2,78.79
eci_table_12,End The Horse Slaughter Age,Malta,Animal Welfare,2023,15154,False,13,2.586277213107253e-05,502653.0,1380,29416.230606402427,3.47,54.3,82.3,45,70.26,68.19,81.05,78.33
eci_table_12,End The Horse Slaughter Age,Netherlands,Animal Welfare,2023,15154,False,127,7.32712739105225e-06,17332850.0,508,52447.83143920359,3.2,85.0,81.8,64,87.34,74.03,90.08,86.43
eci_table_12,End The Horse Slaughter Age,Poland,Animal Welfare,2023,15154,False,3809,0.0001003137299394,37970874.0,124,15595.227033436207,3.47,67.8,77.6,53,58.03,63.27,67.09,78.63
eci_table_12,End The Horse Slaughter Age,Portugal,Animal Welfare,2023,15154,False,83,8.082250433495884e-06,10269417.0,111,23145.04081731222,6.33,63.9,81.3,60,73.19,62.92,85.78,77.64
eci_table_12,End The Horse Slaughter Age,Romania,Animal Welfare,2023,15154,False,68,3.513023812515292e-06,19356544.0,84,12919.529644186485,3.98,49.4,75.4,32,57.11,49.96,73.56,70.47
eci_table_12,End The Horse Slaughter Age,Slovakia,Animal Welfare,2023,15154,False,70,1.2834445010178632e-05,5454073.0,114,19329.0968008679,5.56,46.6,77.2,48,61.93,61.15,78.6,72.75
eci_table_12,End The Horse Slaughter Age,Slovenia,Animal Welfare,2023,15154,False,44,2.107334193508836e-05,2087946.0,103,25739.247814359183,4.2,78.6,81.0,55,63.66,62.69,75.8,81.8
eci_table_12,End The Horse Slaughter Age,Spain,Animal Welfare,2023,15154,False,193,4.099685575358264e-06,47076781.0,94,29613.67113798626,13.96,88.9,83.3,58,72.48,69.27,83.65,80.98
eci_table_12,End The Horse Slaughter Age,Sweden,Animal Welfare,2023,15154,False,70,6.805728439962732e-06,10285453.0,25,51610.06605523354,6.48,67.0,82.5,71,86.41,78.29,91.9,85.92
eci_table_13,Connecting European capitals via high-speed train network,Austria,Transport,2023,40682,False,1133,0.0001276322461011,8877067.0,109,50277.27508736838,4.67,85.1,81.6,59,81.19,67.94,85.99,81.93
eci_table_13,Connecting European capitals via high-speed train network,Belgium,Transport,2023,40682,False,1336,0.0001163352143471,11484055.0,383,46116.699233676605,5.59,79.7,81.6,61,80.31,64.55,87.7,84.79
eci_table_13,Connecting European capitals via high-speed train network,Bulgaria,Transport,2023,40682,False,492,7.052993931414795e-05,6975761.0,64,12328.404026456756,4.34,71.0,74.9,31,53.12,54.62,68.31,72.79
eci_table_13,Connecting European capitals via high-speed train network,Croatia,Transport,2023,40682,False,798,0.0001961893054701,4067500.0,73,14853.239837492318,6.93,67.9,78.1,45,56.15,52.19,75.16,73.54
eci_table_13,Connecting European capitals via high-speed train network,Cyprus,Transport,2023,40682,False,33,2.753269507540204e-05,1198575.0,131,20494.87761299877,7.27,75.9,80.8,39,65.69,56.86,78.31,79.14
eci_table_13,Connecting European capitals via high-speed train network,Czech Republic,Transport,2023,40682,False,506,4.742397379347459e-05,10669709.0,139,23101.777704996453,1.93,64.1,79.0,58,68.72,61.62,82.53,80.66
eci_table_13,Connecting European capitals via high-speed train network,Denmark,Transport,2023,40682,False,793,0.00013628818024,5818553.0,137,59822.092960913134,4.91,80.6,81.0,73,89.45,82.56,94.09,87.48
eci_table_13,Connecting European capitals via high-speed train network,Estonia,Transport,2023,40682,False,179,0.0001344021432261,1331824.0,31,23566.890205462583,5.11,69.6,78.2,71,79.03,61.94,87.2,82.19
eci_table_13,Connecting European capitals via high-speed train network,Finland,Transport,2023,40682,False,703,0.0001273478284025,5520314.0,18,48685.853986747854,6.59,88.2,81.7,74,90.41,77.27,91.96,88.38
eci_table_13,Connecting European capitals via high-speed train network,France,Transport,2023,40682,False,3532,5.266934016754308e-05,67059887.0,119,40493.9285720389,8.43,65.6,82.5,57,77.24,60.6,79.06,81.27
eci_table_13,Connecting European capitals via high-speed train network,Germany,Transport,2023,40682,False,7966,9.582258862714342e-05,83132799.0,240,46258.8782897109,3.04,70.2,80.9,61,84.39,65.96,87.7,83.45
eci_table_13,Connecting European capitals via high-speed train network,Greece,Transport,2023,40682,False,413,3.85393421362292e-05,10716322.0,81,19582.53601086268,17.24,136.6,81.3,38,60.81,52.31,73.3,79.34
eci_table_13,Connecting European capitals via high-speed train network,Hungary,Transport,2023,40682,False,1056,0.0001080865417004,9769949.0,107,16475.741838979917,3.4,48.5,75.8,41,45.75,59.51,60.36,77.34
eci_table_13,Connecting European capitals via high-speed train network,Republic of Ireland,Transport,2023,40682,False,718,0.0001433972649468,5007069.0,72,77629.9889911643,4.93,77.8,82.3,70,81.72,67.73,88.59,85.0
eci_table_13,Connecting European capitals via high-speed train network,Italy,Transport,2023,40682,False,2197,3.6436067653734165e-05,60297396.0,206,33189.56579886136,9.89,61.9,82.9,47,62.33,60.97,78.44,80.0
eci_table_13,Connecting European capitals via high-speed train network,Latvia,Transport,2023,40682,False,110,5.750764982441869e-05,1912789.0,30,17836.364886560932,6.52,88.1,74.7,55,68.82,55.06,81.39,81.36
eci_table_13,Connecting European capitals via high-speed train network,Lithuania,Transport,2023,40682,False,320,0.0001148252288251,2786844.0,43,19455.45412660343,6.35,72.4,75.7,54,72.57,47.26,79.62,81.8
eci_table_13,Connecting European capitals via high-speed train network,Luxembourg,Transport,2023,40682,False,115,0.0001781849001467,645397.0,242,110172.37314087298,5.36,19.2,82.1,53,86.31,66.6,89.2,78.79
eci_table_13,Connecting European capitals via high-speed train network,Malta,Transport,2023,40682,False,27,5.371498827222757e-05,502653.0,1380,29416.230606402427,3.47,54.3,82.3,45,70.26,68.19,81.05,78.33
eci_table_13,Connecting European capitals via high-speed train network,Netherlands,Transport,2023,40682,False,7137,0.0004117614818105,17332850.0,508,52447.83143920359,3.2,85.0,81.8,64,87.34,74.03,90.08,86.43
eci_table_13,Connecting European capitals via high-speed train network,Poland,Transport,2023,40682,False,2593,6.82891839676906e-05,37970874.0,124,15595.227033436207,3.47,67.8,77.6,53,58.03,63.27,67.09,78.63
eci_table_13,Connecting European capitals via high-speed train network,Portugal,Transport,2023,40682,False,1322,0.0001287317478684,10269417.0,111,23145.04081731222,6.33,63.9,81.3,60,73.19,62.92,85.78,77.64
eci_table_13,Connecting European capitals via high-speed train network,Romania,Transport,2023,40682,False,3503,0.0001809723884594,19356544.0,84,12919.529644186485,3.98,49.4,75.4,32,57.11,49.96,73.56,70.47
eci_table_13,Connecting European capitals via high-speed train network,Slovakia,Transport,2023,40682,False,452,8.287384492286773e-05,5454073.0,114,19329.0968008679,5.56,46.6,77.2,48,61.93,61.15,78.6,72.75
eci_table_13,Connecting European capitals via high-speed train network,Slovenia,Transport,2023,40682,False,712,0.0003410049876768,2087946.0,103,25739.247814359183,4.2,78.6,81.0,55,63.66,62.69,75.8,81.8
eci_table_13,Connecting European capitals via high-speed train network,Spain,Transport,2023,40682,False,1277,2.7125898858717636e-05,47076781.0,94,29613.67113798626,13.96,88.9,83.3,58,72.48,69.27,83.65,80.98
eci_table_13,Connecting European capitals via high-speed train network,Sweden,Transport,2023,40682,False,1259,0.0001224058872273,10285453.0,25,51610.06605523354,6.48,67.0,82.5,71,86.41,78.29,91.9,85.92
eci_table_14,Implementation of the concept of judicial precedent,Austria,Governance,2023,291,False,9,1.01384838032652e-06,8877067.0,109,50277.27508736838,4.67,85.1,81.6,59,81.19,67.94,85.99,81.93
eci_table_14,Implementation of the concept of judicial precedent,Belgium,Governance,2023,291,False,15,1.3061588437185298e-06,11484055.0,383,46116.699233676605,5.59,79.7,81.6,61,80.31,64.55,87.7,84.79
eci_table_14,Implementation of the concept of judicial precedent,Bulgaria,Governance,2023,291,False,5,7.167676759567881e-07,6975761.0,64,12328.404026456756,4.34,71.0,74.9,31,53.12,54.62,68.31,72.79
eci_table_14,Implementation of the concept of judicial precedent,Croatia,Governance,2023,291,False,2,4.917025199754149e-07,4067500.0,73,14853.239837492318,6.93,67.9,78.1,45,56.15,52.19,75.16,73.54
eci_table_14,Implementation of the concept of judicial precedent,Cyprus,Governance,2023,291,False,2,1.6686481863880024e-06,1198575.0,131,20494.87761299877,7.27,75.9,80.8,39,65.69,56.86,78.31,79.14
eci_table_14,Implementation of the concept of judicial precedent,Czech Republic,Governance,2023,291,False,2,1.8744653673310117e-07,10669709.0,139,23101.777704996453,1.93,64.1,79.0,58,68.72,61.62,82.53,80.66
eci_table_14,Implementation of the concept of judicial precedent,Denmark,Governance,2023,291,False,3,5.155921068348092e-07,5818553.0,137,59822.092960913134,4.91,80.6,81.0,73,89.45,82.56,94.09,87.48
eci_table_14,Implementation of the concept of judicial precedent,Estonia,Governance,2023,291,False,1,7.508499621571619e-07,1331824.0,31,23566.890205462583,5.11,69.6,78.2,71,79.03,61.94,87.2,82.19
eci_table_14,Implementation of the concept of judicial precedent,Finland,Governance,2023,291,False,4,7.245964631722036e-07,5520314.0,18,48685.853986747854,6.59,88.2,81.7,74,90.41,77.27,91.96,88.38
eci_table_14,Implementation of the concept of judicial precedent,France,Governance,2023,291,False,34,5.070095033115699e-07,67059887.0,119,40493.9285720389,8.43,65.6,82.5,57,77.24,60.6,79.06,81.27
eci_table_14,Implementation of the concept of judicial precedent,Germany,Governance,2023,291,False,42,5.052157572608616e-07,83132799.0,240,46258.8782897109,3.04,70.2,80.9,61,84.39,65.96,87.7,83.45
eci_table_14,Implementation of the concept of judicial precedent,Greece,Governance,2023,291,False,8,7.465247871424543e-07,10716322.0,81,19582.53601086268,17.24,136.6,81.3,38,60.81,52.31,73.3,79.34
eci_table_14,Implementation of the concept of judicial precedent,Hungary,Governance,2023,291,False,13,1.3306108353277997e-06,9769949.0,107,16475.741838979917,3.4,48.5,75.8,41,45.75,59.51,60.36,77.34
eci_table_14,Implementation of the concept of judicial precedent,Republic of Ireland,Governance,2023,291,False,6,1.19830583521018e-06,5007069.0,72,77629.9889911643,4.93,77.8,82.3,70,81.72,67.73,88.59,85.0
eci_table_14,Implementation of the concept of judicial precedent,Italy,Governance,2023,291,False,35,5.804562439147455e-07,60297396.0,206,33189.56579886136,9.89,61.9,82.9,47,62.33,60.97,78.44,80.0
eci_table_14,Implementation of the concept of judicial precedent,Latvia,Governance,2023,291,False,1,5.227968165856245e-07,1912789.0,30,17836.364886560932,6.52,88.1,74.7,55,68.82,55.06,81.39,81.36
eci_table_14,Implementation of the concept of judicial precedent,Lithuania,Governance,2023,291,False,1,3.5882884007859785e-07,2786844.0,43,19455.45412660343,6.35,72.4,75.7,54,72.57,47.26,79.62,81.8
eci_table_14,Implementation of the concept of judicial precedent,Luxembourg,Governance,2023,291,False,0,0.0,645397.0,242,110172.37314087298,5.36,19.2,82.1,53,86.31,66.6,89.2,78.79
eci_table_14,Implementation of the concept of judicial precedent,Malta,Governance,2023,291,False,1,1.9894440100825024e-06,502653.0,1380,29416.230606402427,3.47,54.3,82.3,45,70.26,68.19,81.05,78.33
eci_table_14,Implementation of the concept of judicial precedent,Netherlands,Governance,2023,291,False,6,3.461634987898701e-07,17332850.0,508,52447.83143920359,3.2,85.0,81.8,64,87.34,74.03,90.08,86.43
eci_table_14,Implementation of the concept of judicial precedent,Poland,Governance,2023,291,False,25,6.583993826426012e-07,37970874.0,124,15595.227033436207,3.47,67.8,77.6,53,58.03,63.27,67.09,78.63
eci_table_14,Implementation of the concept of judicial precedent,Portugal,Governance,2023,291,False,8,7.790120899755069e-07,10269417.0,111,23145.04081731222,6.33,63.9,81.3,60,73.19,62.92,85.78,77.64
eci_table_14,Implementation of the concept of judicial precedent,Romania,Governance,2023,291,False,48,2.4797815147166767e-06,19356544.0,84,12919.529644186485,3.98,49.4,75.4,32,57.11,49.96,73.56,70.47
eci_table_14,Implementation of the concept of judicial precedent,Slovakia,Governance,2023,291,False,2,3.666984288622466e-07,5454073.0,114,19329.0968008679,5.56,46.6,77.2,48,61.93,61.15,78.6,72.75
eci_table_14,Implementation of the concept of judicial precedent,Slovenia,Governance,2023,291,False,3,1.436818768301479e-06,2087946.0,103,25739.247814359183,4.2,78.6,81.0,55,63.66,62.69,75.8,81.8
eci_table_14,Implementation of the concept of judicial precedent,Spain,Governance,2023,291,False,13,2.761446242469297e-07,47076781.0,94,29613.67113798626,13.96,88.9,83.3,58,72.48,69.27,83.65,80.98
eci_table_14,Implementation of the concept of judicial precedent,Sweden,Governance,2023,291,False,2,1.944493839989352e-07,10285453.0,25,51610.06605523354,6.48,67.0,82.5,71,86.41,78.29,91.9,85.92
eci_table_15,Taxing wealth to finance ecological social transition,Austria,Economy,2023,357155,False,4286,0.0004828171286754,8877067.0,109,50277.27508736838,4.67,85.1,81.6,59,81.19,67.94,85.99,81.93
eci_table_15,Taxing wealth to finance ecological social transition,Belgium,Economy,2023,357155,False,13942,0.0012140311066082,11484055.0,383,46116.699233676605,5.59,79.7,81.6,61,80.31,64.55,87.7,84.79
eci_table_15,Taxing wealth to finance ecological social transition,Bulgaria,Economy,2023,357155,False,227,3.2541252488438176e-05,6975761.0,64,12328.404026456756,4.34,71.0,74.9,31,53.12,54.62,68.31,72.79
eci_table_15,Taxing wealth to finance ecological social transition,Croatia,Economy,2023,357155,False,424,0.0001042409342347,4067500.0,73,14853.239837492318,6.93,67.9,78.1,45,56.15,52.19,75.16,73.54
eci_table_15,Taxing wealth to finance ecological social transition,Cyprus,Economy,2023,357155,False,113,9.427862253092214e-05,1198575.0,131,20494.87761299877,7.27,75.9,80.8,39,65.69,56.86,78.31,79.14
eci_table_15,Taxing wealth to finance ecological social transition,Czech Republic,Economy,2023,357155,False,873,8.182041328399866e-05,10669709.0,139,23101.777704996453,1.93,64.1,79.0,58,68.72,61.62,82.53,80.66
eci_table_15,Taxing wealth to finance ecological social transition,Denmark,Economy,2023,357155,False,10473,0.0017999320449603,5818553.0,137,59822.092960913134,4.91,80.6,81.0,73,89.45,82.56,94.09,87.48
eci_table_15,Taxing wealth to finance ecological social transition,Estonia,Economy,2023,357155,False,186,0.0001396580929612,1331824.0,31,23566.890205462583,5.11,69.6,78.2,71,79.03,61.94,87.2,82.19
eci_table_15,Taxing wealth to finance ecological social transition,Finland,Economy,2023,357155,False,3404,0.0006166315901595,5520314.0,18,48685.853986747854,6.59,88.2,81.7,74,90.41,77.27,91.96,88.38
eci_table_15,Taxing wealth to finance ecological social transition,France,Economy,2023,357155,False,111106,0.0016568175845569,67059887.0,119,40493.9285720389,8.43,65.6,82.5,57,77.24,60.6,79.06,81.27
eci_table_15,Taxing wealth to finance ecological social transition,Germany,Economy,2023,357155,False,110205,0.0013256500602126,83132799.0,240,46258.8782897109,3.04,70.2,80.9,61,84.39,65.96,87.7,83.45
eci_table_15,Taxing wealth to finance ecological social transition,Greece,Economy,2023,357155,False,1619,0.0001510779537979,10716322.0,81,19582.53601086268,17.24,136.6,81.3,38,60.81,52.31,73.3,79.34
eci_table_15,Taxing wealth to finance ecological social transition,Hungary,Economy,2023,357155,False,1680,0.0001719558617962,9769949.0,107,16475.741838979917,3.4,48.5,75.8,41,45.75,59.51,60.36,77.34
eci_table_15,Taxing wealth to finance ecological social transition,Republic of Ireland,Economy,2023,357155,False,1451,0.0002897902944816,5007069.0,72,77629.9889911643,4.93,77.8,82.3,70,81.72,67.73,88.59,85.0
eci_table_15,Taxing wealth to finance ecological social transition,Italy,Economy,2023,357155,False,33665,0.0005583159843254,60297396.0,206,33189.56579886136,9.89,61.9,82.9,47,62.33,60.97,78.44,80.0
eci_table_15,Taxing wealth to finance ecological social transition,Latvia,Economy,2023,357155,False,182,9.514902061858364e-05,1912789.0,30,17836.364886560932,6.52,88.1,74.7,55,68.82,55.06,81.39,81.36
eci_table_15,Taxing wealth to finance ecological social transition,Lithuania,Economy,2023,357155,False,260,9.329549842043544e-05,2786844.0,43,19455.45412660343,6.35,72.4,75.7,54,72.57,47.26,79.62,81.8
eci_table_15,Taxing wealth to finance ecological social transition,Luxembourg,Economy,2023,357155,False,1256,0.0019460889963851,645397.0,242,110172.37314087298,5.36,19.2,82.1,53,86.31,66.6,89.2,78.79
eci_table_15,Taxing wealth to finance ecological social transition,Malta,Economy,2023,357155,False,64,0.0001273244166452,502653.0,1380,29416.230606402427,3.47,54.3,82.3,45,70.26,68.19,81.05,78.33
eci_table_15,Taxing wealth to finance ecological social transition,Netherlands,Economy,2023,357155,False,11078,0.000639133206599,17332850.0,508,52447.83143920359,3.2,85.0,81.8,64,87.34,74.03,90.08,86.43
eci_table_15,Taxing wealth to finance ecological social transition,Poland,Economy,2023,357155,False,1691,4.453413424194555e-05,37970874.0,124,15595.227033436207,3.47,67.8,77.6,53,58.03,63.27,67.09,78.63
eci_table_15,Taxing wealth to finance ecological social transition,Portugal,Economy,2023,357155,False,1034,0.0001006873126293,10269417.0,111,23145.04081731222,6.33,63.9,81.3,60,73.19,62.92,85.78,77.64
eci_table_15,Taxing wealth to finance ecological social transition,Romania,Economy,2023,357155,False,1477,7.630494369242774e-05,19356544.0,84,12919.529644186485,3.98,49.4,75.4,32,57.11,49.96,73.56,70.47
eci_table_15,Taxing wealth to finance ecological social transition,Slovakia,Economy,2023,357155,False,6620,0.001213771799534,5454073.0,114,19329.0968008679,5.56,46.6,77.2,48,61.93,61.15,78.6,72.75
eci_table_15,Taxing wealth to finance ecological social transition,Slovenia,Economy,2023,357155,False,1767,0.0008462862545295,2087946.0,103,25739.247814359183,4.2,78.6,81.0,55,63.66,62.69,75.8,81.8
eci_table_15,Taxing wealth to finance ecological social transition,Spain,Economy,2023,357155,False,29564,0.0006279953593258,47076781.0,94,29613.67113798626,13.96,88.9,83.3,58,72.48,69.27,83.65,80.98
eci_table_15,Taxing wealth to finance ecological social transition,Sweden,Economy,2023,357155,False,8508,0.0008271876795314,10285453.0,25,51610.06605523354,6.48,67.0,82.5,71,86.41,78.29,91.9,85.92
eci_table_16,Development of Ukrainian culture,Austria,Culture,2023,1095,False,54,6.08309028195912e-06,8877067.0,109,50277.27508736838,4.67,85.1,81.6,59,81.19,67.94,85.99,81.93
eci_table_16,Development of Ukrainian culture,Belgium,Culture,2023,1095,False,48,4.179708299899295e-06,11484055.0,383,46116.699233676605,5.59,79.7,81.6,61,80.31,64.55,87.7,84.79
eci_table_16,Development of Ukrainian culture,Bulgaria,Culture,2023,1095,False,16,2.293656563061722e-06,6975761.0,64,12328.404026456756,4.34,71.0,74.9,31,53.12,54.62,68.31,72.79
eci_table_16,Development of Ukrainian culture,Croatia,Culture,2023,1095,False,12,2.950215119852489e-06,4067500.0,73,14853.239837492318,6.93,67.9,78.1,45,56.15,52.19,75.16,73.54
eci_table_16,Development of Ukrainian culture,Cyprus,Culture,2023,1095,False,9,7.508916838746011e-06,1198575.0,131,20494.87761299877,7.27,75.9,80.8,39,65.69,56.86,78.31,79.14
eci_table_16,Development of Ukrainian culture,Czech Republic,Culture,2023,1095,False,15,1.4058490254982589e-06,10669709.0,139,23101.777704996453,1.93,64.1,79.0,58,68.72,61.62,82.53,80.66
eci_table_16,Development of Ukrainian culture,Denmark,Culture,2023,1095,False,14,2.4060964985624438e-06,5818553.0,137,59822.092960913134,4.91,80.6,81.0,73,89.45,82.56,94.09,87.48
eci_table_16,Development of Ukrainian culture,Estonia,Culture,2023,1095,False,8,6.006799697257296e-06,1331824.0,31,23566.890205462583,5.11,69.6,78.2,71,79.03,61.94,87.2,82.19
eci_table_16,Development of Ukrainian culture,Finland,Culture,2023,1095,False,30,5.434473473791527e-06,5520314.0,18,48685.853986747854,6.59,88.2,81.7,74,90.41,77.27,91.96,88.38
eci_table_16,Development of Ukrainian culture,France,Culture,2023,1095,False,148,2.206982543826833e-06,67059887.0,119,40493.9285720389,8.43,65.6,82.5,57,77.24,60.6,79.06,81.27
eci_table_16,Development of Ukrainian culture,Germany,Culture,2023,1095,False,177,2.1291235484564885e-06,83132799.0,240,46258.8782897109,3.04,70.2,80.9,61,84.39,65.96,87.7,83.45
eci_table_16,Development of Ukrainian culture,Greece,Culture,2023,1095,False,82,7.651879068210157e-06,10716322.0,81,19582.53601086268,17.24,136.6,81.3,38,60.81,52.31,73.3,79.34
eci_table_16,Development of Ukrainian culture,Hungary,Culture,2023,1095,False,30,3.070640389217999e-06,9769949.0,107,16475.741838979917,3.4,48.5,75.8,41,45.75,59.51,60.36,77.34
eci_table_16,Development of Ukrainian culture,Republic of Ireland,Culture,2023,1095,False,31,6.191246815252596e-06,5007069.0,72,77629.9889911643,4.93,77.8,82.3,70,81.72,67.73,88.59,85.0
eci_table_16,Development of Ukrainian culture,Italy,Culture,2023,1095,False,120,1.9901356934219846e-06,60297396.0,206,33189.56579886136,9.89,61.9,82.9,47,62.33,60.97,78.44,80.0
eci_table_16,Development of Ukrainian culture,Latvia,Culture,2023,1095,False,11,5.750764982441869e-06,1912789.0,30,17836.364886560932,6.52,88.1,74.7,55,68.82,55.06,81.39,81.36
eci_table_16,Development of Ukrainian culture,Lithuania,Culture,2023,1095,False,16,5.7412614412575655e-06,2786844.0,43,19455.45412660343,6.35,72.4,75.7,54,72.57,47.26,79.62,81.8
eci_table_16,Development of Ukrainian culture,Luxembourg,Culture,2023,1095,False,1,1.5494339143194031e-06,645397.0,242,110172.37314087298,5.36,19.2,82.1,53,86.31,66.6,89.2,78.79
eci_table_16,Development of Ukrainian culture,Malta,Culture,2023,1095,False,3,5.968332030247507e-06,502653.0,1380,29416.230606402427,3.47,54.3,82.3,45,70.26,68.19,81.05,78.33
eci_table_16,Development of Ukrainian culture,Netherlands,Culture,2023,1095,False,59,3.4039410714337225e-06,17332850.0,508,52447.83143920359,3.2,85.0,81.8,64,87.34,74.03,90.08,86.43
eci_table_16,Development of Ukrainian culture,Poland,Culture,2023,1095,False,64,1.6855024195650593e-06,37970874.0,124,15595.227033436207,3.47,67.8,77.6,53,58.03,63.27,67.09,78.63
eci_table_16,Development of Ukrainian culture,Portugal,Culture,2023,1095,False,26,2.531789292420397e-06,10269417.0,111,23145.04081731222,6.33,63.9,81.3,60,73.19,62.92,85.78,77.64
eci_table_16,Development of Ukrainian culture,Romania,Culture,2023,1095,False,32,1.6531876764777845e-06,19356544.0,84,12919.529644186485,3.98,49.4,75.4,32,57.11,49.96,73.56,70.47
eci_table_16,Development of Ukrainian culture,Slovakia,Culture,2023,1095,False,15,2.750238216466849e-06,5454073.0,114,19329.0968008679,5.56,46.6,77.2,48,61.93,61.15,78.6,72.75
eci_table_16,Development of Ukrainian culture,Slovenia,Culture,2023,1095,False,5,2.394697947169132e-06,2087946.0,103,25739.247814359183,4.2,78.6,81.0,55,63.66,62.69,75.8,81.8
eci_table_16,Development of Ukrainian culture,Spain,Culture,2023,1095,False,48,1.0196109202963558e-06,47076781.0,94,29613.67113798626,13.96,88.9,83.3,58,72.48,69.27,83.65,80.98
eci_table_16,Development of Ukrainian culture,Sweden,Culture,2023,1095,False,21,2.0417185319888198e-06,10285453.0,25,51610.06605523354,6.48,67.0,82.5,71,86.41,78.29,91.9,85.92
eci_table_17,EU Live Bus Stop Info,Austria,Technology,2023,3746,False,173,1.948841886627644e-05,8877067.0,109,50277.27508736838,4.67,85.1,81.6,59,81.19,67.94,85.99,81.93
eci_table_17,EU Live Bus Stop Info,Belgium,Technology,2023,3746,False,108,9.404343674773414e-06,11484055.0,383,46116.699233676605,5.59,79.7,81.6,61,80.31,64.55,87.7,84.79
eci_table_17,EU Live Bus Stop Info,Bulgaria,Technology,2023,3746,False,49,7.024323224376523e-06,6975761.0,64,12328.404026456756,4.34,71.0,74.9,31,53.12,54.62,68.31,72.79
eci_table_17,EU Live Bus Stop Info,Croatia,Technology,2023,3746,False,60,1.4751075599262446e-05,4067500.0,73,14853.239837492318,6.93,67.9,78.1,45,56.15,52.19,75.16,73.54
eci_table_17,EU Live Bus Stop Info,Cyprus,Technology,2023,3746,False,29,2.4195398702626037e-05,1198575.0,131,20494.87761299877,7.27,75.9,80.8,39,65.69,56.86,78.31,79.14
eci_table_17,EU Live Bus Stop Info,Czech Republic,Technology,2023,3746,False,52,4.87360995506063e-06,10669709.0,139,23101.777704996453,1.93,64.1,79.0,58,68.72,61.62,82.53,80.66
eci_table_17,EU Live Bus Stop Info,Denmark,Technology,2023,3746,False,27,4.640328961513283e-06,5818553.0,137,59822.092960913134,4.91,80.6,81.0,73,89.45,82.56,94.09,87.48
eci_table_17,EU Live Bus Stop Info,Estonia,Technology,2023,3746,False,16,1.2013599394514593e-05,1331824.0,31,23566.890205462583,5.11,69.6,78.2,71,79.03,61.94,87.2,82.19
eci_table_17,EU Live Bus Stop Info,Finland,Technology,2023,3746,False,59,1.0687797831790005e-05,5520314.0,18,48685.853986747854,6.59,88.2,81.7,74,90.41,77.27,91.96,88.38
eci_table_17,EU Live Bus Stop Info,France,Technology,2023,3746,False,162,2.41575116283748e-06,67059887.0,119,40493.9285720389,8.43,65.6,82.5,57,77.24,60.6,79.06,81.27
eci_table_17,EU Live Bus Stop Info,Germany,Technology,2023,3746,False,592,7.121136388057859e-06,83132799.0,240,46258.8782897109,3.04,70.2,80.9,61,84.39,65.96,87.7,83.45
eci_table_17,EU Live Bus Stop Info,Greece,Technology,2023,3746,False,77,7.185301076246122e-06,10716322.0,81,19582.53601086268,17.24,136.6,81.3,38,60.81,52.31,73.3,79.34
eci_table_17,EU Live Bus Stop Info,Hungary,Technology,2023,3746,False,64,6.550699496998398e-06,9769949.0,107,16475.741838979917,3.4,48.5,75.8,41,45.75,59.51,60.36,77.34
eci_table_17,EU Live Bus Stop Info,Republic of Ireland,Technology,2023,3746,False,55,1.0984470156093314e-05,5007069.0,72,77629.9889911643,4.93,77.8,82.3,70,81.72,67.73,88.59,85.0
eci_table_17,EU Live Bus Stop Info,Italy,Technology,2023,3746,False,1011,1.676689321708022e-05,60297396.0,206,33189.56579886136,9.89,61.9,82.9,47,62.33,60.97,78.44,80.0
eci_table_17,EU Live Bus Stop Info,Latvia,Technology,2023,3746,False,21,1.0978733148298114e-05,1912789.0,30,17836.364886560932,6.52,88.1,74.7,55,68.82,55.06,81.39,81.36
eci_table_17,EU Live Bus Stop Info,Lithuania,Technology,2023,3746,False,22,7.894234481729153e-06,2786844.0,43,19455.45412660343,6.35,72.4,75.7,54,72.57,47.26,79.62,81.8
eci_table_17,EU Live Bus Stop Info,Luxembourg,Technology,2023,3746,False,9,1.3944905228874633e-05,645397.0,242,110172.37314087298,5.36,19.2,82.1,53,86.31,66.6,89.2,78.79
eci_table_17,EU Live Bus Stop Info,Malta,Technology,2023,3746,False,5,9.947220050412513e-06,502653.0,1380,29416.230606402427,3.47,54.3,82.3,45,70.26,68.19,81.05,78.33
eci_table_17,EU Live Bus Stop Info,Netherlands,Technology,2023,3746,False,121,6.980963892262381e-06,17332850.0,508,52447.83143920359,3.2,85.0,81.8,64,87.34,74.03,90.08,86.43
eci_table_17,EU Live Bus Stop Info,Poland,Technology,2023,3746,False,227,5.97826639439482e-06,37970874.0,124,15595.227033436207,3.47,67.8,77.6,53,58.03,63.27,67.09,78.63
eci_table_17,EU Live Bus Stop Info,Portugal,Technology,2023,3746,False,100,9.737651124693835e-06,10269417.0,111,23145.04081731222,6.33,63.9,81.3,60,73.19,62.92,85.78,77.64
eci_table_17,EU Live Bus Stop Info,Romania,Technology,2023,3746,False,197,1.017743663331636e-05,19356544.0,84,12919.529644186485,3.98,49.4,75.4,32,57.11,49.96,73.56,70.47
eci_table_17,EU Live Bus Stop Info,Slovakia,Technology,2023,3746,False,28,5.1337780040714524e-06,5454073.0,114,19329.0968008679,5.56,46.6,77.2,48,61.93,61.15,78.6,72.75
eci_table_17,EU Live Bus Stop Info,Slovenia,Technology,2023,3746,False,41,1.963652316678688e-05,2087946.0,103,25739.247814359183,4.2,78.6,81.0,55,63.66,62.69,75.8,81.8
eci_table_17,EU Live Bus Stop Info,Spain,Technology,2023,3746,False,391,8.305580621580731e-06,47076781.0,94,29613.67113798626,13.96,88.9,83.3,58,72.48,69.27,83.65,80.98
eci_table_17,EU Live Bus Stop Info,Sweden,Technology,2023,3746,False,50,4.86123459997338e-06,10285453.0,25,51610.06605523354,6.48,67.0,82.5,71,86.41,78.29,91.9,85.92
eci_table_18,Trust and Freedom,Austria,Governance,2023,22471,False,218,2.455766076790904e-05,8877067.0,109,50277.27508736838,4.67,85.1,81.6,59,81.19,67.94,85.99,81.93
eci_table_18,Trust and Freedom,Belgium,Governance,2023,22471,False,392,3.413428444917758e-05,11484055.0,383,46116.699233676605,5.59,79.7,81.6,61,80.31,64.55,87.7,84.79
eci_table_18,Trust and Freedom,Bulgaria,Governance,2023,22471,False,1961,0.0002811162825102,6975761.0,64,12328.404026456756,4.34,71.0,74.9,31,53.12,54.62,68.31,72.79
eci_table_18,Trust and Freedom,Croatia,Governance,2023,22471,False,294,7.228027043638599e-05,4067500.0,73,14853.239837492318,6.93,67.9,78.1,45,56.15,52.19,75.16,73.54
eci_table_18,Trust and Freedom,Cyprus,Governance,2023,22471,False,101,8.426673341259412e-05,1198575.0,131,20494.87761299877,7.27,75.9,80.8,39,65.69,56.86,78.31,79.14
eci_table_18,Trust and Freedom,Czech Republic,Governance,2023,22471,False,1172,0.0001098436705255,10669709.0,139,23101.777704996453,1.93,64.1,79.0,58,68.72,61.62,82.53,80.66
eci_table_18,Trust and Freedom,Denmark,Governance,2023,22471,False,178,3.059179833886535e-05,5818553.0,137,59822.092960913134,4.91,80.6,81.0,73,89.45,82.56,94.09,87.48
eci_table_18,Trust and Freedom,Estonia,Governance,2023,22471,False,113,8.48460457237593e-05,1331824.0,31,23566.890205462583,5.11,69.6,78.2,71,79.03,61.94,87.2,82.19
eci_table_18,Trust and Freedom,Finland,Governance,2023,22471,False,144,2.608547267419933e-05,5520314.0,18,48685.853986747854,6.59,88.2,81.7,74,90.41,77.27,91.96,88.38
eci_table_18,Trust and Freedom,France,Governance,2023,22471,False,2940,4.384140999223575e-05,67059887.0,119,40493.9285720389,8.43,65.6,82.5,57,77.24,60.6,79.06,81.27
eci_table_18,Trust and Freedom,Germany,Governance,2023,22471,False,1697,2.04131223826591e-05,83132799.0,240,46258.8782897109,3.04,70.2,80.9,61,84.39,65.96,87.7,83.45
eci_table_18,Trust and Freedom,Greece,Governance,2023,22471,False,1408,0.000131388362537,10716322.0,81,19582.53601086268,17.24,136.6,81.3,38,60.81,52.31,73.3,79.34
eci_table_18,Trust and Freedom,Hungary,Governance,2023,22471,False,93,9.518985206575797e-06,9769949.0,107,16475.741838979917,3.4,48.5,75.8,41,45.75,59.51,60.36,77.34
eci_table_18,Trust and Freedom,Republic of Ireland,Governance,2023,22471,False,188,3.754691616991897e-05,5007069.0,72,77629.9889911643,4.93,77.8,82.3,70,81.72,67.73,88.59,85.0
eci_table_18,Trust and Freedom,Italy,Governance,2023,22471,False,699,1.159254041418306e-05,60297396.0,206,33189.56579886136,9.89,61.9,82.9,47,62.33,60.97,78.44,80.0
eci_table_18,Trust and Freedom,Latvia,Governance,2023,22471,False,10,5.227968165856245e-06,1912789.0,30,17836.364886560932,6.52,88.1,74.7,55,68.82,55.06,81.39,81.36
eci_table_18,Trust and Freedom,Lithuania,Governance,2023,22471,False,24,8.61189216188635e-06,2786844.0,43,19455.45412660343,6.35,72.4,75.7,54,72.57,47.26,79.62,81.8
eci_table_18,Trust and Freedom,Luxembourg,Governance,2023,22471,False,60,9.29660348591642e-05,645397.0,242,110172.37314087298,5.36,19.2,82.1,53,86.31,66.6,89.2,78.79
eci_table_18,Trust and Freedom,Malta,Governance,2023,22471,False,41,8.15672044133826e-05,502653.0,1380,29416.230606402427,3.47,54.3,82.3,45,70.26,68.19,81.05,78.33
eci_table_18,Trust and Freedom,Netherlands,Governance,2023,22471,False,354,2.0423646428602332e-05,17332850.0,508,52447.83143920359,3.2,85.0,81.8,64,87.34,74.03,90.08,86.43
eci_table_18,Trust and Freedom,Poland,Governance,2023,22471,False,5960,0.0001569624128219,37970874.0,124,15595.227033436207,3.47,67.8,77.6,53,58.03,63.27,67.09,78.63
eci_table_18,Trust and Freedom,Portugal,Governance,2023,22471,False,519,5.053840933716101e-05,10269417.0,111,23145.04081731222,6.33,63.9,81.3,60,73.19,62.92,85.78,77.64
eci_table_18,Trust and Freedom,Romania,Governance,2023,22471,False,103,5.3211978336628686e-06,19356544.0,84,12919.529644186485,3.98,49.4,75.4,32,57.11,49.96,73.56,70.47
eci_table_18,Trust and Freedom,Slovakia,Governance,2023,22471,False,1986,0.0003641315398602,5454073.0,114,19329.0968008679,5.56,46.6,77.2,48,61.93,61.15,78.6,72.75
eci_table_18,Trust and Freedom,Slovenia,Governance,2023,22471,False,833,0.0003989566779983,2087946.0,103,25739.247814359183,4.2,78.6,81.0,55,63.66,62.69,75.8,81.8
eci_table_18,Trust and Freedom,Spain,Governance,2023,22471,False,727,1.5442857063655224e-05,47076781.0,94,29613.67113798626,13.96,88.9,83.3,58,72.48,69.27,83.65,80.98
eci_table_18,Trust and Freedom,Sweden,Governance,2023,22471,False,256,2.4889521151863704e-05,10285453.0,25,51610.06605523354,6.48,67.0,82.5,71,86.41,78.29,91.9,85.92
eci_table_19,Creation of a European Environment Authority,Austria,Environment,2023,14764,False,295,3.32316969107026e-05,8877067.0,109,50277.27508736838,4.67,85.1,81.6,59,81.19,67.94,85.99,81.93
eci_table_19,Creation of a European Environment Authority,Belgium,Environment,2023,14764,False,213,1.854745558080312e-05,11484055.0,383,46116.699233676605,5.59,79.7,81.6,61,80.31,64.55,87.7,84.79
eci_table_19,Creation of a European Environment Authority,Bulgaria,Environment,2023,14764,False,22,3.1537777742098675e-06,6975761.0,64,12328.404026456756,4.34,71.0,74.9,31,53.12,54.62,68.31,72.79
eci_table_19,Creation of a European Environment Authority,Croatia,Environment,2023,14764,False,32,7.867240319606638e-06,4067500.0,73,14853.239837492318,6.93,67.9,78.1,45,56.15,52.19,75.16,73.54
eci_table_19,Creation of a European Environment Authority,Cyprus,Environment,2023,14764,False,10,8.343240931940012e-06,1198575.0,131,20494.87761299877,7.27,75.9,80.8,39,65.69,56.86,78.31,79.14
eci_table_19,Creation of a European Environment Authority,Czech Republic,Environment,2023,14764,False,36,3.374037661195821e-06,10669709.0,139,23101.777704996453,1.93,64.1,79.0,58,68.72,61.62,82.53,80.66
eci_table_19,Creation of a European Environment Authority,Denmark,Environment,2023,14764,False,39,6.7026973888525205e-06,5818553.0,137,59822.092960913134,4.91,80.6,81.0,73,89.45,82.56,94.09,87.48
eci_table_19,Creation of a European Environment Authority,Estonia,Environment,2023,14764,False,6,4.505099772942971e-06,1331824.0,31,23566.890205462583,5.11,69.6,78.2,71,79.03,61.94,87.2,82.19
eci_table_19,Creation of a European Environment Authority,Finland,Environment,2023,14764,False,107,1.938295538985645e-05,5520314.0,18,48685.853986747854,6.59,88.2,81.7,74,90.41,77.27,91.96,88.38
eci_table_19,Creation of a European Environment Authority,France,Environment,2023,14764,False,689,1.0274398464166812e-05,67059887.0,119,40493.9285720389,8.43,65.6,82.5,57,77.24,60.6,79.06,81.27
eci_table_19,Creation of a European Environment Authority,Germany,Environment,2023,14764,False,811,9.755475693775209e-06,83132799.0,240,46258.8782897109,3.04,70.2,80.9,61,84.39,65.96,87.7,83.45
eci_table_19,Creation of a European Environment Authority,Greece,Environment,2023,14764,False,95,8.864981847316644e-06,10716322.0,81,19582.53601086268,17.24,136.6,81.3,38,60.81,52.31,73.3,79.34
eci_table_19,Creation of a European Environment Authority,Hungary,Environment,2023,14764,False,10701,0.001095297426834,9769949.0,107,16475.741838979917,3.4,48.5,75.8,41,45.75,59.51,60.36,77.34
eci_table_19,Creation of a European Environment Authority,Republic of Ireland,Environment,2023,14764,False,40,7.988705568067866e-06,5007069.0,72,77629.9889911643,4.93,77.8,82.3,70,81.72,67.73,88.59,85.0
eci_table_19,Creation of a European Environment Authority,Italy,Environment,2023,14764,False,597,9.900925074774372e-06,60297396.0,206,33189.56579886136,9.89,61.9,82.9,47,62.33,60.97,78.44,80.0
eci_table_19,Creation of a European Environment Authority,Latvia,Environment,2023,14764,False,5,2.6139840829281223e-06,1912789.0,30,17836.364886560932,6.52,88.1,74.7,55,68.82,55.06,81.39,81.36
eci_table_19,Creation of a European Environment Authority,Lithuania,Environment,2023,14764,False,18,6.458919121414762e-06,2786844.0,43,19455.45412660343,6.35,72.4,75.7,54,72.57,47.26,79.62,81.8
eci_table_19,Creation of a European Environment Authority,Luxembourg,Environment,2023,14764,False,11,1.7043773057513436e-05,645397.0,242,110172.37314087298,5.36,19.2,82.1,53,86.31,66.6,89.2,78.79
eci_table_19,Creation of a European Environment Authority,Malta,Environment,2023,14764,False,8,1.591555208066002e-05,502653.0,1380,29416.230606402427,3.47,54.3,82.3,45,70.26,68.19,81.05,78.33
eci_table_19,Creation of a European Environment Authority,Netherlands,Environment,2023,14764,False,238,1.3731152118664847e-05,17332850.0,508,52447.83143920359,3.2,85.0,81.8,64,87.34,74.03,90.08,86.43
eci_table_19,Creation of a European Environment Authority,Poland,Environment,2023,14764,False,113,2.9759652095445578e-06,37970874.0,124,15595.227033436207,3.47,67.8,77.6,53,58.03,63.27,67.09,78.63
eci_table_19,Creation of a European Environment Authority,Portugal,Environment,2023,14764,False,124,1.2074687394620355e-05,10269417.0,111,23145.04081731222,6.33,63.9,81.3,60,73.19,62.92,85.78,77.64
eci_table_19,Creation of a European Environment Authority,Romania,Environment,2023,14764,False,129,6.664412820801068e-06,19356544.0,84,12919.529644186485,3.98,49.4,75.4,32,57.11,49.96,73.56,70.47
eci_table_19,Creation of a European Environment Authority,Slovakia,Environment,2023,14764,False,38,6.967270148382686e-06,5454073.0,114,19329.0968008679,5.56,46.6,77.2,48,61.93,61.15,78.6,72.75
eci_table_19,Creation of a European Environment Authority,Slovenia,Environment,2023,14764,False,37,1.7720764809051576e-05,2087946.0,103,25739.247814359183,4.2,78.6,81.0,55,63.66,62.69,75.8,81.8
eci_table_19,Creation of a European Environment Authority,Spain,Environment,2023,14764,False,272,5.777795215012684e-06,47076781.0,94,29613.67113798626,13.96,88.9,83.3,58,72.48,69.27,83.65,80.98
eci_table_19,Creation of a European Environment Authority,Sweden,Environment,2023,14764,False,78,7.583525975958472e-06,10285453.0,25,51610.06605523354,6.48,67.0,82.5,71,86.41,78.29,91.9,85.92
eci_table_20,Win It On The Pitch,Austria,Sport,2022,3594,False,36,4.05539352130608e-06,8877067.0,109,50277.27508736838,4.67,85.1,81.6,59,81.19,67.94,85.99,81.93
eci_table_20,Win It On The Pitch,Belgium,Sport,2022,3594,False,60,5.224635374874119e-06,11484055.0,383,46116.699233676605,5.59,79.7,81.6,61,80.31,64.55,87.7,84.79
eci_table_20,Win It On The Pitch,Bulgaria,Sport,2022,3594,False,9,1.2901818167222185e-06,6975761.0,64,12328.404026456756,4.34,71.0,74.9,31,53.12,54.62,68.31,72.79
eci_table_20,Win It On The Pitch,Croatia,Sport,2022,3594,False,140,3.4419176398279044e-05,4067500.0,73,14853.239837492318,6.93,67.9,78.1,45,56.15,52.19,75.16,73.54
eci_table_20,Win It On The Pitch,Cyprus,Sport,2022,3594,False,0,0.0,1198575.0,131,20494.87761299877,7.27,75.9,80.8,39,65.69,56.86,78.31,79.14
eci_table_20,Win It On The Pitch,Czech Republic,Sport,2022,3594,False,107,1.0028389715220913e-05,10669709.0,139,23101.777704996453,1.93,64.1,79.0,58,68.72,61.62,82.53,80.66
eci_table_20,Win It On The Pitch,Denmark,Sport,2022,3594,False,46,7.905745638133742e-06,5818553.0,137,59822.092960913134,4.91,80.6,81.0,73,89.45,82.56,94.09,87.48
eci_table_20,Win It On The Pitch,Estonia,Sport,2022,3594,False,1,7.508499621571619e-07,1331824.0,31,23566.890205462583,5.11,69.6,78.2,71,79.03,61.94,87.2,82.19
eci_table_20,Win It On The Pitch,Finland,Sport,2022,3594,False,175,3.170109526378391e-05,5520314.0,18,48685.853986747854,6.59,88.2,81.7,74,90.41,77.27,91.96,88.38
eci_table_20,Win It On The Pitch,France,Sport,2022,3594,False,1159,1.7283059245238514e-05,67059887.0,119,40493.9285720389,8.43,65.6,82.5,57,77.24,60.6,79.06,81.27
eci_table_20,Win It On The Pitch,Germany,Sport,2022,3594,False,514,6.18287855314483e-06,83132799.0,240,46258.8782897109,3.04,70.2,80.9,61,84.39,65.96,87.7,83.45
eci_table_20,Win It On The Pitch,Greece,Sport,2022,3594,False,14,1.306418377499295e-06,10716322.0,81,19582.53601086268,17.24,136.6,81.3,38,60.81,52.31,73.3,79.34
eci_table_20,Win It On The Pitch,Hungary,Sport,2022,3594,False,7,7.164827574841998e-07,9769949.0,107,16475.741838979917,3.4,48.5,75.8,41,45.75,59.51,60.36,77.34
eci_table_20,Win It On The Pitch,Republic of Ireland,Sport,2022,3594,False,149,2.97579282410528e-05,5007069.0,72,77629.9889911643,4.93,77.8,82.3,70,81.72,67.73,88.59,85.0
eci_table_20,Win It On The Pitch,Italy,Sport,2022,3594,False,183,3.0349569324685263e-06,60297396.0,206,33189.56579886136,9.89,61.9,82.9,47,62.33,60.97,78.44,80.0
eci_table_20,Win It On The Pitch,Latvia,Sport,2022,3594,False,10,5.227968165856245e-06,1912789.0,30,17836.364886560932,6.52,88.1,74.7,55,68.82,55.06,81.39,81.36
eci_table_20,Win It On The Pitch,Lithuania,Sport,2022,3594,False,7,2.511801880550185e-06,2786844.0,43,19455.45412660343,6.35,72.4,75.7,54,72.57,47.26,79.62,81.8
eci_table_20,Win It On The Pitch,Luxembourg,Sport,2022,3594,False,7,1.0846037400235824e-05,645397.0,242,110172.37314087298,5.36,19.2,82.1,53,86.31,66.6,89.2,78.79
eci_table_20,Win It On The Pitch,Malta,Sport,2022,3594,False,9,1.790499609074252e-05,502653.0,1380,29416.230606402427,3.47,54.3,82.3,45,70.26,68.19,81.05,78.33
eci_table_20,Win It On The Pitch,Netherlands,Sport,2022,3594,False,43,2.480838407994069e-06,17332850.0,508,52447.83143920359,3.2,85.0,81.8,64,87.34,74.03,90.08,86.43
eci_table_20,Win It On The Pitch,Poland,Sport,2022,3594,False,9,2.370237777513365e-07,37970874.0,124,15595.227033436207,3.47,67.8,77.6,53,58.03,63.27,67.09,78.63
eci_table_20,Win It On The Pitch,Portugal,Sport,2022,3594,False,49,4.7714490510999794e-06,10269417.0,111,23145.04081731222,6.33,63.9,81.3,60,73.19,62.92,85.78,77.64
eci_table_20,Win It On The Pitch,Romania,Sport,2022,3594,False,89,4.597928225203838e-06,19356544.0,84,12919.529644186485,3.98,49.4,75.4,32,57.11,49.96,73.56,70.47
eci_table_20,Win It On The Pitch,Slovakia,Sport,2022,3594,False,4,7.333968577244932e-07,5454073.0,114,19329.0968008679,5.56,46.6,77.2,48,61.93,61.15,78.6,72.75
eci_table_20,Win It On The Pitch,Slovenia,Sport,2022,3594,False,107,5.124653606941942e-05,2087946.0,103,25739.247814359183,4.2,78.6,81.0,55,63.66,62.69,75.8,81.8
eci_table_20,Win It On The Pitch,Spain,Sport,2022,3594,False,629,1.336115143471683e-05,47076781.0,94,29613.67113798626,13.96,88.9,83.3,58,72.48,69.27,83.65,80.98
eci_table_20,Win It On The Pitch,Sweden,Sport,2022,3594,False,31,3.0139654519834955e-06,10285453.0,25,51610.06605523354,6.48,67.0,82.5,71,86.41,78.29,91.9,85.92
eci_table_21,Fur Free Europe,Austria,Animal Welfare,2022,1502319,True,25136,0.0028315658764319,8877067.0,109,50277.27508736838,4.67,85.1,81.6,59,81.19,67.94,85.99,81.93
eci_table_21,Fur Free Europe,Belgium,Animal Welfare,2022,1502319,True,27753,0.002416655092648,11484055.0,383,46116.699233676605,5.59,79.7,81.6,61,80.31,64.55,87.7,84.79
eci_table_21,Fur Free Europe,Bulgaria,Animal Welfare,2022,1502319,True,71444,0.0102417499682113,6975761.0,64,12328.404026456756,4.34,71.0,74.9,31,53.12,54.62,68.31,72.79
eci_table_21,Fur Free Europe,Croatia,Animal Welfare,2022,1502319,True,9362,0.0023016594960049,4067500.0,73,14853.239837492318,6.93,67.9,78.1,45,56.15,52.19,75.16,73.54
eci_table_21,Fur Free Europe,Cyprus,Animal Welfare,2022,1502319,True,603,0.0005030974281959,1198575.0,131,20494.87761299877,7.27,75.9,80.8,39,65.69,56.86,78.31,79.14
eci_table_21,Fur Free Europe,Czech Republic,Animal Welfare,2022,1502319,True,31722,0.0029730895191237,10669709.0,139,23101.777704996453,1.93,64.1,79.0,58,68.72,61.62,82.53,80.66
eci_table_21,Fur Free Europe,Denmark,Animal Welfare,2022,1502319,True,52178,0.0089675216501422,5818553.0,137,59822.092960913134,4.91,80.6,81.0,73,89.45,82.56,94.09,87.48
eci_table_21,Fur Free Europe,Estonia,Animal Welfare,2022,1502319,True,5808,0.0043609365802087,1331824.0,31,23566.890205462583,5.11,69.6,78.2,71,79.03,61.94,87.2,82.19
eci_table_21,Fur Free Europe,Finland,Animal Welfare,2022,1502319,True,82067,0.0148663644857883,5520314.0,18,48685.853986747854,6.59,88.2,81.7,74,90.41,77.27,91.96,88.38
eci_table_21,Fur Free Europe,France,Animal Welfare,2022,1502319,True,107672,0.0016056096247224,67059887.0,119,40493.9285720389,8.43,65.6,82.5,57,77.24,60.6,79.06,81.27
eci_table_21,Fur Free Europe,Germany,Animal Welfare,2022,1502319,True,518534,0.0062374177970358,83132799.0,240,46258.8782897109,3.04,70.2,80.9,61,84.39,65.96,87.7,83.45
eci_table_21,Fur Free Europe,Greece,Animal Welfare,2022,1502319,True,16713,0.0015595835959389,10716322.0,81,19582.53601086268,17.24,136.6,81.3,38,60.81,52.31,73.3,79.34
eci_table_21,Fur Free Europe,Hungary,Animal Welfare,2022,1502319,True,6515,0.0006668407378585,9769949.0,107,16475.741838979917,3.4,48.5,75.8,41,45.75,59.51,60.36,77.34
eci_table_21,Fur Free Europe,Republic of Ireland,Animal Welfare,2022,1502319,True,5455,0.0010894597218452,5007069.0,72,77629.9889911643,4.93,77.8,82.3,70,81.72,67.73,88.59,85.0
eci_table_21,Fur Free Europe,Italy,Animal Welfare,2022,1502319,True,83164,0.0013792303733978,60297396.0,206,33189.56579886136,9.89,61.9,82.9,47,62.33,60.97,78.44,80.0
eci_table_21,Fur Free Europe,Latvia,Animal Welfare,2022,1502319,True,64162,0.0335436893457668,1912789.0,30,17836.364886560932,6.52,88.1,74.7,55,68.82,55.06,81.39,81.36
eci_table_21,Fur Free Europe,Lithuania,Animal Welfare,2022,1502319,True,49650,0.0178158519099023,2786844.0,43,19455.45412660343,6.35,72.4,75.7,54,72.57,47.26,79.62,81.8
eci_table_21,Fur Free Europe,Luxembourg,Animal Welfare,2022,1502319,True,1912,0.0029625176441786,645397.0,242,110172.37314087298,5.36,19.2,82.1,53,86.31,66.6,89.2,78.79
eci_table_21,Fur Free Europe,Malta,Animal Welfare,2022,1502319,True,4131,0.0082183932056508,502653.0,1380,29416.230606402427,3.47,54.3,82.3,45,70.26,68.19,81.05,78.33
eci_table_21,Fur Free Europe,Netherlands,Animal Welfare,2022,1502319,True,41122,0.0023724892328728,17332850.0,508,52447.83143920359,3.2,85.0,81.8,64,87.34,74.03,90.08,86.43
eci_table_21,Fur Free Europe,Poland,Animal Welfare,2022,1502319,True,90919,0.0023944405388193,37970874.0,124,15595.227033436207,3.47,67.8,77.6,53,58.03,63.27,67.09,78.63
eci_table_21,Fur Free Europe,Portugal,Animal Welfare,2022,1502319,True,8395,0.000817475811918,10269417.0,111,23145.04081731222,6.33,63.9,81.3,60,73.19,62.92,85.78,77.64
eci_table_21,Fur Free Europe,Romania,Animal Welfare,2022,1502319,True,23160,0.0011964945808507,19356544.0,84,12919.529644186485,3.98,49.4,75.4,32,57.11,49.96,73.56,70.47
eci_table_21,Fur Free Europe,Slovakia,Animal Welfare,2022,1502319,True,34946,0.00640732164751,5454073.0,114,19329.0968008679,5.56,46.6,77.2,48,61.93,61.15,78.6,72.75
eci_table_21,Fur Free Europe,Slovenia,Animal Welfare,2022,1502319,True,5536,0.0026514095671056,2087946.0,103,25739.247814359183,4.2,78.6,81.0,55,63.66,62.69,75.8,81.8
eci_table_21,Fur Free Europe,Spain,Animal Welfare,2022,1502319,True,32615,0.0006928043784472,47076781.0,94,29613.67113798626,13.96,88.9,83.3,58,72.48,69.27,83.65,80.98
eci_table_21,Fur Free Europe,Sweden,Animal Welfare,2022,1502319,True,101645,0.0098824038182858,10285453.0,25,51610.06605523354,6.48,67.0,82.5,71,86.41,78.29,91.9,85.92
eci_table_22,End The Slaughter Age,Austria,Animal Welfare,2022,867946,False,2498,0.0002813992504506,8877067.0,109,50277.27508736838,4.67,85.1,81.6,59,81.19,67.94,85.99,81.93
eci_table_22,End The Slaughter Age,Belgium,Animal Welfare,2022,867946,False,2880,0.0002507824979939,11484055.0,383,46116.699233676605,5.59,79.7,81.6,61,80.31,64.55,87.7,84.79
eci_table_22,End The Slaughter Age,Bulgaria,Animal Welfare,2022,867946,False,1005,0.0001440703028673,6975761.0,64,12328.404026456756,4.34,71.0,74.9,31,53.12,54.62,68.31,72.79
eci_table_22,End The Slaughter Age,Croatia,Animal Welfare,2022,867946,False,4551,0.001118869084204,4067500.0,73,14853.239837492318,6.93,67.9,78.1,45,56.15,52.19,75.16,73.54
eci_table_22,End The Slaughter Age,Cyprus,Animal Welfare,2022,867946,False,419,0.0003495817950482,1198575.0,131,20494.87761299877,7.27,75.9,80.8,39,65.69,56.86,78.31,79.14
eci_table_22,End The Slaughter Age,Czech Republic,Animal Welfare,2022,867946,False,1794,0.0001681395434495,10669709.0,139,23101.777704996453,1.93,64.1,79.0,58,68.72,61.62,82.53,80.66
eci_table_22,End The Slaughter Age,Denmark,Animal Welfare,2022,867946,False,26569,0.0045662555621646,5818553.0,137,59822.092960913134,4.91,80.6,81.0,73,89.45,82.56,94.09,87.48
eci_table_22,End The Slaughter Age,Estonia,Animal Welfare,2022,867946,False,324,0.0002432753877389,1331824.0,31,23566.890205462583,5.11,69.6,78.2,71,79.03,61.94,87.2,82.19
eci_table_22,End The Slaughter Age,Finland,Animal Welfare,2022,867946,False,27200,0.0049272559495709,5520314.0,18,48685.853986747854,6.59,88.2,81.7,74,90.41,77.27,91.96,88.38
eci_table_22,End The Slaughter Age,France,Animal Welfare,2022,867946,False,253815,0.0037849005024419,67059887.0,119,40493.9285720389,8.43,65.6,82.5,57,77.24,60.6,79.06,81.27
eci_table_22,End The Slaughter Age,Germany,Animal Welfare,2022,867946,False,323390,0.0038900410414426,83132799.0,240,46258.8782897109,3.04,70.2,80.9,61,84.39,65.96,87.7,83.45
eci_table_22,End The Slaughter Age,Greece,Animal Welfare,2022,867946,False,24249,0.0022628099454271,10716322.0,81,19582.53601086268,17.24,136.6,81.3,38,60.81,52.31,73.3,79.34
eci_table_22,End The Slaughter Age,Hungary,Animal Welfare,2022,867946,False,3014,0.0003084970044367,9769949.0,107,16475.741838979917,3.4,48.5,75.8,41,45.75,59.51,60.36,77.34
eci_table_22,End The Slaughter Age,Republic of Ireland,Animal Welfare,2022,867946,False,37995,0.0075882717014684,5007069.0,72,77629.9889911643,4.93,77.8,82.3,70,81.72,67.73,88.59,85.0
eci_table_22,End The Slaughter Age,Italy,Animal Welfare,2022,867946,False,44059,0.0007306949043039,60297396.0,206,33189.56579886136,9.89,61.9,82.9,47,62.33,60.97,78.44,80.0
eci_table_22,End The Slaughter Age,Latvia,Animal Welfare,2022,867946,False,715,0.0003737997238587,1912789.0,30,17836.364886560932,6.52,88.1,74.7,55,68.82,55.06,81.39,81.36
eci_table_22,End The Slaughter Age,Lithuania,Animal Welfare,2022,867946,False,646,0.0002318034306907,2786844.0,43,19455.45412660343,6.35,72.4,75.7,54,72.57,47.26,79.62,81.8
eci_table_22,End The Slaughter Age,Luxembourg,Animal Welfare,2022,867946,False,6137,0.0095088759321781,645397.0,242,110172.37314087298,5.36,19.2,82.1,53,86.31,66.6,89.2,78.79
eci_table_22,End The Slaughter Age,Malta,Animal Welfare,2022,867946,False,2486,0.0049457578090651,502653.0,1380,29416.230606402427,3.47,54.3,82.3,45,70.26,68.19,81.05,78.33
eci_table_22,End The Slaughter Age,Netherlands,Animal Welfare,2022,867946,False,57657,0.0033264581416212,17332850.0,508,52447.83143920359,3.2,85.0,81.8,64,87.34,74.03,90.08,86.43
eci_table_22,End The Slaughter Age,Poland,Animal Welfare,2022,867946,False,6067,0.0001597803621797,37970874.0,124,15595.227033436207,3.47,67.8,77.6,53,58.03,63.27,67.09,78.63
eci_table_22,End The Slaughter Age,Portugal,Animal Welfare,2022,867946,False,2450,0.0002385724525549,10269417.0,111,23145.04081731222,6.33,63.9,81.3,60,73.19,62.92,85.78,77.64
eci_table_22,End The Slaughter Age,Romania,Animal Welfare,2022,867946,False,2780,0.000143620679394,19356544.0,84,12919.529644186485,3.98,49.4,75.4,32,57.11,49.96,73.56,70.47
eci_table_22,End The Slaughter Age,Slovakia,Animal Welfare,2022,867946,False,22850,0.0041895295497511,5454073.0,114,19329.0968008679,5.56,46.6,77.2,48,61.93,61.15,78.6,72.75
eci_table_22,End The Slaughter Age,Slovenia,Animal Welfare,2022,867946,False,949,0.0004545136703727,2087946.0,103,25739.247814359183,4.2,78.6,81.0,55,63.66,62.69,75.8,81.8
eci_table_22,End The Slaughter Age,Spain,Animal Welfare,2022,867946,False,8571,0.0001820642749554,47076781.0,94,29613.67113798626,13.96,88.9,83.3,58,72.48,69.27,83.65,80.98
eci_table_22,End The Slaughter Age,Sweden,Animal Welfare,2022,867946,False,2876,0.0002796182141904,10285453.0,25,51610.06605523354,6.48,67.0,82.5,71,86.41,78.29,91.9,85.92
eci_table_23,"Good Clothes, Fair Pay",Austria,Employment,2022,216100,False,1795,0.0002022064269651,8877067.0,109,50277.27508736838,4.67,85.1,81.6,59,81.19,67.94,85.99,81.93
eci_table_23,"Good Clothes, Fair Pay",Belgium,Employment,2022,216100,False,4235,0.0003687721802098,11484055.0,383,46116.699233676605,5.59,79.7,81.6,61,80.31,64.55,87.7,84.79
eci_table_23,"Good Clothes, Fair Pay",Bulgaria,Employment,2022,216100,False,131,1.877931311006785e-05,6975761.0,64,12328.404026456756,4.34,71.0,74.9,31,53.12,54.62,68.31,72.79
eci_table_23,"Good Clothes, Fair Pay",Croatia,Employment,2022,216100,False,1233,0.0003031346035648,4067500.0,73,14853.239837492318,6.93,67.9,78.1,45,56.15,52.19,75.16,73.54
eci_table_23,"Good Clothes, Fair Pay",Cyprus,Employment,2022,216100,False,62,5.172809377802808e-05,1198575.0,131,20494.87761299877,7.27,75.9,80.8,39,65.69,56.86,78.31,79.14
eci_table_23,"Good Clothes, Fair Pay",Czech Republic,Employment,2022,216100,False,2473,0.0002317776426704,10669709.0,139,23101.777704996453,1.93,64.1,79.0,58,68.72,61.62,82.53,80.66
eci_table_23,"Good Clothes, Fair Pay",Denmark,Employment,2022,216100,False,1695,0.0002913095403616,5818553.0,137,59822.092960913134,4.91,80.6,81.0,73,89.45,82.56,94.09,87.48
eci_table_23,"Good Clothes, Fair Pay",Estonia,Employment,2022,216100,False,82,6.156969689688728e-05,1331824.0,31,23566.890205462583,5.11,69.6,78.2,71,79.03,61.94,87.2,82.19
eci_table_23,"Good Clothes, Fair Pay",Finland,Employment,2022,216100,False,6609,0.0011972145062762,5520314.0,18,48685.853986747854,6.59,88.2,81.7,74,90.41,77.27,91.96,88.38
eci_table_23,"Good Clothes, Fair Pay",France,Employment,2022,216100,False,30372,0.0004529086068993,67059887.0,119,40493.9285720389,8.43,65.6,82.5,57,77.24,60.6,79.06,81.27
eci_table_23,"Good Clothes, Fair Pay",Germany,Employment,2022,216100,False,27688,0.0003330574735009,83132799.0,240,46258.8782897109,3.04,70.2,80.9,61,84.39,65.96,87.7,83.45
eci_table_23,"Good Clothes, Fair Pay",Greece,Employment,2022,216100,False,381,3.555324298765939e-05,10716322.0,81,19582.53601086268,17.24,136.6,81.3,38,60.81,52.31,73.3,79.34
eci_table_23,"Good Clothes, Fair Pay",Hungary,Employment,2022,216100,False,354,3.623355659277239e-05,9769949.0,107,16475.741838979917,3.4,48.5,75.8,41,45.75,59.51,60.36,77.34
eci_table_23,"Good Clothes, Fair Pay",Republic of Ireland,Employment,2022,216100,False,4291,0.0008569883898144,5007069.0,72,77629.9889911643,4.93,77.8,82.3,70,81.72,67.73,88.59,85.0
eci_table_23,"Good Clothes, Fair Pay",Italy,Employment,2022,216100,False,16361,0.0002713384173339,60297396.0,206,33189.56579886136,9.89,61.9,82.9,47,62.33,60.97,78.44,80.0
eci_table_23,"Good Clothes, Fair Pay",Latvia,Employment,2022,216100,False,85,4.443772940977808e-05,1912789.0,30,17836.364886560932,6.52,88.1,74.7,55,68.82,55.06,81.39,81.36
eci_table_23,"Good Clothes, Fair Pay",Lithuania,Employment,2022,216100,False,77,2.762982068605204e-05,2786844.0,43,19455.45412660343,6.35,72.4,75.7,54,72.57,47.26,79.62,81.8
eci_table_23,"Good Clothes, Fair Pay",Luxembourg,Employment,2022,216100,False,617,0.000956000725135,645397.0,242,110172.37314087298,5.36,19.2,82.1,53,86.31,66.6,89.2,78.79
eci_table_23,"Good Clothes, Fair Pay",Malta,Employment,2022,216100,False,103,0.0002049127330384,502653.0,1380,29416.230606402427,3.47,54.3,82.3,45,70.26,68.19,81.05,78.33
eci_table_23,"Good Clothes, Fair Pay",Netherlands,Employment,2022,216100,False,73792,0.0042573494837836,17332850.0,508,52447.83143920359,3.2,85.0,81.8,64,87.34,74.03,90.08,86.43
eci_table_23,"Good Clothes, Fair Pay",Poland,Employment,2022,216100,False,3978,0.000104764509766,37970874.0,124,15595.227033436207,3.47,67.8,77.6,53,58.03,63.27,67.09,78.63
eci_table_23,"Good Clothes, Fair Pay",Portugal,Employment,2022,216100,False,662,6.44632504454732e-05,10269417.0,111,23145.04081731222,6.33,63.9,81.3,60,73.19,62.92,85.78,77.64
eci_table_23,"Good Clothes, Fair Pay",Romania,Employment,2022,216100,False,3064,0.0001582927200227,19356544.0,84,12919.529644186485,3.98,49.4,75.4,32,57.11,49.96,73.56,70.47
eci_table_23,"Good Clothes, Fair Pay",Slovakia,Employment,2022,216100,False,16318,0.002991892481087,5454073.0,114,19329.0968008679,5.56,46.6,77.2,48,61.93,61.15,78.6,72.75
eci_table_23,"Good Clothes, Fair Pay",Slovenia,Employment,2022,216100,False,284,0.0001360188433992,2087946.0,103,25739.247814359183,4.2,78.6,81.0,55,63.66,62.69,75.8,81.8
eci_table_23,"Good Clothes, Fair Pay",Spain,Employment,2022,216100,False,6384,0.0001356082523994,47076781.0,94,29613.67113798626,13.96,88.9,83.3,58,72.48,69.27,83.65,80.98
eci_table_23,"Good Clothes, Fair Pay",Sweden,Employment,2022,216100,False,12974,0.001261393154001,10285453.0,25,51610.06605523354,6.48,67.0,82.5,71,86.41,78.29,91.9,85.92
eci_table_24,"Protect EU Rural Heritage, Food Security and Supply",Austria,Agriculture,2022,21410,False,75,8.448736502721e-06,8877067.0,109,50277.27508736838,4.67,85.1,81.6,59,81.19,67.94,85.99,81.93
eci_table_24,"Protect EU Rural Heritage, Food Security and Supply",Belgium,Agriculture,2022,21410,False,121,1.053634800599614e-05,11484055.0,383,46116.699233676605,5.59,79.7,81.6,61,80.31,64.55,87.7,84.79
eci_table_24,"Protect EU Rural Heritage, Food Security and Supply",Bulgaria,Agriculture,2022,21410,False,17,2.43701009825308e-06,6975761.0,64,12328.404026456756,4.34,71.0,74.9,31,53.12,54.62,68.31,72.79
eci_table_24,"Protect EU Rural Heritage, Food Security and Supply",Croatia,Agriculture,2022,21410,False,21,5.162876459741856e-06,4067500.0,73,14853.239837492318,6.93,67.9,78.1,45,56.15,52.19,75.16,73.54
eci_table_24,"Protect EU Rural Heritage, Food Security and Supply",Cyprus,Agriculture,2022,21410,False,6,5.005944559164007e-06,1198575.0,131,20494.87761299877,7.27,75.9,80.8,39,65.69,56.86,78.31,79.14
eci_table_24,"Protect EU Rural Heritage, Food Security and Supply",Czech Republic,Agriculture,2022,21410,False,88,8.247647616256451e-06,10669709.0,139,23101.777704996453,1.93,64.1,79.0,58,68.72,61.62,82.53,80.66
eci_table_24,"Protect EU Rural Heritage, Food Security and Supply",Denmark,Agriculture,2022,21410,False,119,2.0451820237780767e-05,5818553.0,137,59822.092960913134,4.91,80.6,81.0,73,89.45,82.56,94.09,87.48
eci_table_24,"Protect EU Rural Heritage, Food Security and Supply",Estonia,Agriculture,2022,21410,False,4,3.003399848628648e-06,1331824.0,31,23566.890205462583,5.11,69.6,78.2,71,79.03,61.94,87.2,82.19
eci_table_24,"Protect EU Rural Heritage, Food Security and Supply",Finland,Agriculture,2022,21410,False,488,8.840076850700884e-05,5520314.0,18,48685.853986747854,6.59,88.2,81.7,74,90.41,77.27,91.96,88.38
eci_table_24,"Protect EU Rural Heritage, Food Security and Supply",France,Agriculture,2022,21410,False,240,3.578890611611081e-06,67059887.0,119,40493.9285720389,8.43,65.6,82.5,57,77.24,60.6,79.06,81.27
eci_table_24,"Protect EU Rural Heritage, Food Security and Supply",Germany,Agriculture,2022,21410,False,312,3.7530313396521143e-06,83132799.0,240,46258.8782897109,3.04,70.2,80.9,61,84.39,65.96,87.7,83.45
eci_table_24,"Protect EU Rural Heritage, Food Security and Supply",Greece,Agriculture,2022,21410,False,14736,0.0013750986579164,10716322.0,81,19582.53601086268,17.24,136.6,81.3,38,60.81,52.31,73.3,79.34
eci_table_24,"Protect EU Rural Heritage, Food Security and Supply",Hungary,Agriculture,2022,21410,False,1178,0.0001205738126166,9769949.0,107,16475.741838979917,3.4,48.5,75.8,41,45.75,59.51,60.36,77.34
eci_table_24,"Protect EU Rural Heritage, Food Security and Supply",Republic of Ireland,Agriculture,2022,21410,False,36,7.18983501126108e-06,5007069.0,72,77629.9889911643,4.93,77.8,82.3,70,81.72,67.73,88.59,85.0
eci_table_24,"Protect EU Rural Heritage, Food Security and Supply",Italy,Agriculture,2022,21410,False,261,4.328545133192816e-06,60297396.0,206,33189.56579886136,9.89,61.9,82.9,47,62.33,60.97,78.44,80.0
eci_table_24,"Protect EU Rural Heritage, Food Security and Supply",Latvia,Agriculture,2022,21410,False,6,3.1367808995137467e-06,1912789.0,30,17836.364886560932,6.52,88.1,74.7,55,68.82,55.06,81.39,81.36
eci_table_24,"Protect EU Rural Heritage, Food Security and Supply",Lithuania,Agriculture,2022,21410,False,2004,0.0007190929955175,2786844.0,43,19455.45412660343,6.35,72.4,75.7,54,72.57,47.26,79.62,81.8
eci_table_24,"Protect EU Rural Heritage, Food Security and Supply",Luxembourg,Agriculture,2022,21410,False,6,9.29660348591642e-06,645397.0,242,110172.37314087298,5.36,19.2,82.1,53,86.31,66.6,89.2,78.79
eci_table_24,"Protect EU Rural Heritage, Food Security and Supply",Malta,Agriculture,2022,21410,False,6,1.1936664060495014e-05,502653.0,1380,29416.230606402427,3.47,54.3,82.3,45,70.26,68.19,81.05,78.33
eci_table_24,"Protect EU Rural Heritage, Food Security and Supply",Netherlands,Agriculture,2022,21410,False,68,3.923186319618528e-06,17332850.0,508,52447.83143920359,3.2,85.0,81.8,64,87.34,74.03,90.08,86.43
eci_table_24,"Protect EU Rural Heritage, Food Security and Supply",Poland,Agriculture,2022,21410,False,419,1.1034773653089998e-05,37970874.0,124,15595.227033436207,3.47,67.8,77.6,53,58.03,63.27,67.09,78.63
eci_table_24,"Protect EU Rural Heritage, Food Security and Supply",Portugal,Agriculture,2022,21410,False,552,5.3751834208309975e-05,10269417.0,111,23145.04081731222,6.33,63.9,81.3,60,73.19,62.92,85.78,77.64
eci_table_24,"Protect EU Rural Heritage, Food Security and Supply",Romania,Agriculture,2022,21410,False,126,6.509426476131276e-06,19356544.0,84,12919.529644186485,3.98,49.4,75.4,32,57.11,49.96,73.56,70.47
eci_table_24,"Protect EU Rural Heritage, Food Security and Supply",Slovakia,Agriculture,2022,21410,False,16,2.9335874308979728e-06,5454073.0,114,19329.0968008679,5.56,46.6,77.2,48,61.93,61.15,78.6,72.75
eci_table_24,"Protect EU Rural Heritage, Food Security and Supply",Slovenia,Agriculture,2022,21410,False,19,9.0998521992427e-06,2087946.0,103,25739.247814359183,4.2,78.6,81.0,55,63.66,62.69,75.8,81.8
eci_table_24,"Protect EU Rural Heritage, Food Security and Supply",Spain,Agriculture,2022,21410,False,461,9.792513213679584e-06,47076781.0,94,29613.67113798626,13.96,88.9,83.3,58,72.48,69.27,83.65,80.98
eci_table_24,"Protect EU Rural Heritage, Food Security and Supply",Sweden,Agriculture,2022,21410,False,25,2.43061729998669e-06,10285453.0,25,51610.06605523354,6.48,67.0,82.5,71,86.41,78.29,91.9,85.92
eci_table_25,Focus on Specific Learning Disabilities,Austria,Education,2022,1327,False,34,3.83009388123352e-06,8877067.0,109,50277.27508736838,4.67,85.1,81.6,59,81.19,67.94,85.99,81.93
eci_table_25,Focus on Specific Learning Disabilities,Belgium,Education,2022,1327,False,54,4.702171837386707e-06,11484055.0,383,46116.699233676605,5.59,79.7,81.6,61,80.31,64.55,87.7,84.79
eci_table_25,Focus on Specific Learning Disabilities,Bulgaria,Education,2022,1327,False,63,9.03127271705553e-06,6975761.0,64,12328.404026456756,4.34,71.0,74.9,31,53.12,54.62,68.31,72.79
eci_table_25,Focus on Specific Learning Disabilities,Croatia,Education,2022,1327,False,25,6.146281499692686e-06,4067500.0,73,14853.239837492318,6.93,67.9,78.1,45,56.15,52.19,75.16,73.54
eci_table_25,Focus on Specific Learning Disabilities,Cyprus,Education,2022,1327,False,4,3.3372963727760048e-06,1198575.0,131,20494.87761299877,7.27,75.9,80.8,39,65.69,56.86,78.31,79.14
eci_table_25,Focus on Specific Learning Disabilities,Czech Republic,Education,2022,1327,False,7,6.560628785658541e-07,10669709.0,139,23101.777704996453,1.93,64.1,79.0,58,68.72,61.62,82.53,80.66
eci_table_25,Focus on Specific Learning Disabilities,Denmark,Education,2022,1327,False,8,1.3749122848928249e-06,5818553.0,137,59822.092960913134,4.91,80.6,81.0,73,89.45,82.56,94.09,87.48
eci_table_25,Focus on Specific Learning Disabilities,Estonia,Education,2022,1327,False,22,1.6518699167457562e-05,1331824.0,31,23566.890205462583,5.11,69.6,78.2,71,79.03,61.94,87.2,82.19
eci_table_25,Focus on Specific Learning Disabilities,Finland,Education,2022,1327,False,54,9.782052252824748e-06,5520314.0,18,48685.853986747854,6.59,88.2,81.7,74,90.41,77.27,91.96,88.38
eci_table_25,Focus on Specific Learning Disabilities,France,Education,2022,1327,False,150,2.2368066322569257e-06,67059887.0,119,40493.9285720389,8.43,65.6,82.5,57,77.24,60.6,79.06,81.27
eci_table_25,Focus on Specific Learning Disabilities,Germany,Education,2022,1327,False,152,1.8283998834202607e-06,83132799.0,240,46258.8782897109,3.04,70.2,80.9,61,84.39,65.96,87.7,83.45
eci_table_25,Focus on Specific Learning Disabilities,Greece,Education,2022,1327,False,92,8.585035052138224e-06,10716322.0,81,19582.53601086268,17.24,136.6,81.3,38,60.81,52.31,73.3,79.34
eci_table_25,Focus on Specific Learning Disabilities,Hungary,Education,2022,1327,False,26,2.661221670655599e-06,9769949.0,107,16475.741838979917,3.4,48.5,75.8,41,45.75,59.51,60.36,77.34
eci_table_25,Focus on Specific Learning Disabilities,Republic of Ireland,Education,2022,1327,False,22,4.393788062437326e-06,5007069.0,72,77629.9889911643,4.93,77.8,82.3,70,81.72,67.73,88.59,85.0
eci_table_25,Focus on Specific Learning Disabilities,Italy,Education,2022,1327,False,274,4.544143166646865e-06,60297396.0,206,33189.56579886136,9.89,61.9,82.9,47,62.33,60.97,78.44,80.0
eci_table_25,Focus on Specific Learning Disabilities,Latvia,Education,2022,1327,False,3,1.5683904497568731e-06,1912789.0,30,17836.364886560932,6.52,88.1,74.7,55,68.82,55.06,81.39,81.36
eci_table_25,Focus on Specific Learning Disabilities,Lithuania,Education,2022,1327,False,17,6.100090281336164e-06,2786844.0,43,19455.45412660343,6.35,72.4,75.7,54,72.57,47.26,79.62,81.8
eci_table_25,Focus on Specific Learning Disabilities,Luxembourg,Education,2022,1327,False,7,1.0846037400235824e-05,645397.0,242,110172.37314087298,5.36,19.2,82.1,53,86.31,66.6,89.2,78.79
eci_table_25,Focus on Specific Learning Disabilities,Malta,Education,2022,1327,False,1,1.9894440100825024e-06,502653.0,1380,29416.230606402427,3.47,54.3,82.3,45,70.26,68.19,81.05,78.33
eci_table_25,Focus on Specific Learning Disabilities,Netherlands,Education,2022,1327,False,46,2.653920157389004e-06,17332850.0,508,52447.83143920359,3.2,85.0,81.8,64,87.34,74.03,90.08,86.43
eci_table_25,Focus on Specific Learning Disabilities,Poland,Education,2022,1327,False,32,8.427512097825296e-07,37970874.0,124,15595.227033436207,3.47,67.8,77.6,53,58.03,63.27,67.09,78.63
eci_table_25,Focus on Specific Learning Disabilities,Portugal,Education,2022,1327,False,29,2.8239188261612125e-06,10269417.0,111,23145.04081731222,6.33,63.9,81.3,60,73.19,62.92,85.78,77.64
eci_table_25,Focus on Specific Learning Disabilities,Romania,Education,2022,1327,False,20,1.0332422977986152e-06,19356544.0,84,12919.529644186485,3.98,49.4,75.4,32,57.11,49.96,73.56,70.47
eci_table_25,Focus on Specific Learning Disabilities,Slovakia,Education,2022,1327,False,14,2.5668890020357262e-06,5454073.0,114,19329.0968008679,5.56,46.6,77.2,48,61.93,61.15,78.6,72.75
eci_table_25,Focus on Specific Learning Disabilities,Slovenia,Education,2022,1327,False,8,3.831516715470611e-06,2087946.0,103,25739.247814359183,4.2,78.6,81.0,55,63.66,62.69,75.8,81.8
eci_table_25,Focus on Specific Learning Disabilities,Spain,Education,2022,1327,False,152,3.2287679142717936e-06,47076781.0,94,29613.67113798626,13.96,88.9,83.3,58,72.48,69.27,83.65,80.98
eci_table_25,Focus on Specific Learning Disabilities,Sweden,Education,2022,1327,False,11,1.0694716119941436e-06,10285453.0,25,51610.06605523354,6.48,67.0,82.5,71,86.41,78.29,91.9,85.92
eci_table_26,VEGAN MEAL,Austria,Food,2022,8003,False,209,2.354381238758252e-05,8877067.0,109,50277.27508736838,4.67,85.1,81.6,59,81.19,67.94,85.99,81.93
eci_table_26,VEGAN MEAL,Belgium,Food,2022,8003,False,180,1.5673906124622357e-05,11484055.0,383,46116.699233676605,5.59,79.7,81.6,61,80.31,64.55,87.7,84.79
eci_table_26,VEGAN MEAL,Bulgaria,Food,2022,8003,False,29,4.157252520549371e-06,6975761.0,64,12328.404026456756,4.34,71.0,74.9,31,53.12,54.62,68.31,72.79
eci_table_26,VEGAN MEAL,Croatia,Food,2022,8003,False,41,1.0079901659496005e-05,4067500.0,73,14853.239837492318,6.93,67.9,78.1,45,56.15,52.19,75.16,73.54
eci_table_26,VEGAN MEAL,Cyprus,Food,2022,8003,False,5,4.171620465970006e-06,1198575.0,131,20494.87761299877,7.27,75.9,80.8,39,65.69,56.86,78.31,79.14
eci_table_26,VEGAN MEAL,Czech Republic,Food,2022,8003,False,20,1.874465367331012e-06,10669709.0,139,23101.777704996453,1.93,64.1,79.0,58,68.72,61.62,82.53,80.66
eci_table_26,VEGAN MEAL,Denmark,Food,2022,8003,False,38,6.530833353240918e-06,5818553.0,137,59822.092960913134,4.91,80.6,81.0,73,89.45,82.56,94.09,87.48
eci_table_26,VEGAN MEAL,Estonia,Food,2022,8003,False,20,1.5016999243143238e-05,1331824.0,31,23566.890205462583,5.11,69.6,78.2,71,79.03,61.94,87.2,82.19
eci_table_26,VEGAN MEAL,Finland,Food,2022,8003,False,129,2.336823593730357e-05,5520314.0,18,48685.853986747854,6.59,88.2,81.7,74,90.41,77.27,91.96,88.38
eci_table_26,VEGAN MEAL,France,Food,2022,8003,False,741,1.1049824763349214e-05,67059887.0,119,40493.9285720389,8.43,65.6,82.5,57,77.24,60.6,79.06,81.27
eci_table_26,VEGAN MEAL,Germany,Food,2022,8003,False,3258,3.919030802752112e-05,83132799.0,240,46258.8782897109,3.04,70.2,80.9,61,84.39,65.96,87.7,83.45
eci_table_26,VEGAN MEAL,Greece,Food,2022,8003,False,95,8.864981847316644e-06,10716322.0,81,19582.53601086268,17.24,136.6,81.3,38,60.81,52.31,73.3,79.34
eci_table_26,VEGAN MEAL,Hungary,Food,2022,8003,False,213,2.1801546763447797e-05,9769949.0,107,16475.741838979917,3.4,48.5,75.8,41,45.75,59.51,60.36,77.34
eci_table_26,VEGAN MEAL,Republic of Ireland,Food,2022,8003,False,53,1.0585034877689922e-05,5007069.0,72,77629.9889911643,4.93,77.8,82.3,70,81.72,67.73,88.59,85.0
eci_table_26,VEGAN MEAL,Italy,Food,2022,8003,False,2006,3.3268435008370844e-05,60297396.0,206,33189.56579886136,9.89,61.9,82.9,47,62.33,60.97,78.44,80.0
eci_table_26,VEGAN MEAL,Latvia,Food,2022,8003,False,12,6.273561799027493e-06,1912789.0,30,17836.364886560932,6.52,88.1,74.7,55,68.82,55.06,81.39,81.36
eci_table_26,VEGAN MEAL,Lithuania,Food,2022,8003,False,24,8.61189216188635e-06,2786844.0,43,19455.45412660343,6.35,72.4,75.7,54,72.57,47.26,79.62,81.8
eci_table_26,VEGAN MEAL,Luxembourg,Food,2022,8003,False,28,4.33841496009433e-05,645397.0,242,110172.37314087298,5.36,19.2,82.1,53,86.31,66.6,89.2,78.79
eci_table_26,VEGAN MEAL,Malta,Food,2022,8003,False,5,9.947220050412513e-06,502653.0,1380,29416.230606402427,3.47,54.3,82.3,45,70.26,68.19,81.05,78.33
eci_table_26,VEGAN MEAL,Netherlands,Food,2022,8003,False,194,1.11926197942058e-05,17332850.0,508,52447.83143920359,3.2,85.0,81.8,64,87.34,74.03,90.08,86.43
eci_table_26,VEGAN MEAL,Poland,Food,2022,8003,False,126,3.31833288851871e-06,37970874.0,124,15595.227033436207,3.47,67.8,77.6,53,58.03,63.27,67.09,78.63
eci_table_26,VEGAN MEAL,Portugal,Food,2022,8003,False,84,8.179626944742822e-06,10269417.0,111,23145.04081731222,6.33,63.9,81.3,60,73.19,62.92,85.78,77.64
eci_table_26,VEGAN MEAL,Romania,Food,2022,8003,False,96,4.9595630294333534e-06,19356544.0,84,12919.529644186485,3.98,49.4,75.4,32,57.11,49.96,73.56,70.47
eci_table_26,VEGAN MEAL,Slovakia,Food,2022,8003,False,55,1.0084206793711782e-05,5454073.0,114,19329.0968008679,5.56,46.6,77.2,48,61.93,61.15,78.6,72.75
eci_table_26,VEGAN MEAL,Slovenia,Food,2022,8003,False,21,1.0057731378110353e-05,2087946.0,103,25739.247814359183,4.2,78.6,81.0,55,63.66,62.69,75.8,81.8
eci_table_26,VEGAN MEAL,Spain,Food,2022,8003,False,264,5.607860061629957e-06,47076781.0,94,29613.67113798626,13.96,88.9,83.3,58,72.48,69.27,83.65,80.98
eci_table_26,VEGAN MEAL,Sweden,Food,2022,8003,False,57,5.541807443969653e-06,10285453.0,25,51610.06605523354,6.48,67.0,82.5,71,86.41,78.29,91.9,85.92
eci_table_27,European Day of Whatever it Takes,Austria,Politics,2022,254,False,13,1.46444766047164e-06,8877067.0,109,50277.27508736838,4.67,85.1,81.6,59,81.19,67.94,85.99,81.93
eci_table_27,European Day of Whatever it Takes,Belgium,Politics,2022,254,False,13,1.1320043312227257e-06,11484055.0,383,46116.699233676605,5.59,79.7,81.6,61,80.31,64.55,87.7,84.79
eci_table_27,European Day of Whatever it Takes,Bulgaria,Politics,2022,254,False,1,1.4335353519135764e-07,6975761.0,64,12328.404026456756,4.34,71.0,74.9,31,53.12,54.62,68.31,72.79
eci_table_27,European Day of Whatever it Takes,Croatia,Politics,2022,254,False,3,7.375537799631223e-07,4067500.0,73,14853.239837492318,6.93,67.9,78.1,45,56.15,52.19,75.16,73.54
eci_table_27,European Day of Whatever it Takes,Cyprus,Politics,2022,254,False,10,8.343240931940012e-06,1198575.0,131,20494.87761299877,7.27,75.9,80.8,39,65.69,56.86,78.31,79.14
eci_table_27,European Day of Whatever it Takes,Czech Republic,Politics,2022,254,False,4,3.748930734662023e-07,10669709.0,139,23101.777704996453,1.93,64.1,79.0,58,68.72,61.62,82.53,80.66
eci_table_27,European Day of Whatever it Takes,Denmark,Politics,2022,254,False,2,3.4372807122320616e-07,5818553.0,137,59822.092960913134,4.91,80.6,81.0,73,89.45,82.56,94.09,87.48
eci_table_27,European Day of Whatever it Takes,Estonia,Politics,2022,254,False,3,2.2525498864714856e-06,1331824.0,31,23566.890205462583,5.11,69.6,78.2,71,79.03,61.94,87.2,82.19
eci_table_27,European Day of Whatever it Takes,Finland,Politics,2022,254,False,8,1.4491929263444072e-06,5520314.0,18,48685.853986747854,6.59,88.2,81.7,74,90.41,77.27,91.96,88.38
eci_table_27,European Day of Whatever it Takes,France,Politics,2022,254,False,43,6.412179012469854e-07,67059887.0,119,40493.9285720389,8.43,65.6,82.5,57,77.24,60.6,79.06,81.27
eci_table_27,European Day of Whatever it Takes,Germany,Politics,2022,254,False,32,3.8492629124637074e-07,83132799.0,240,46258.8782897109,3.04,70.2,80.9,61,84.39,65.96,87.7,83.45
eci_table_27,European Day of Whatever it Takes,Greece,Politics,2022,254,False,9,8.39840385535261e-07,10716322.0,81,19582.53601086268,17.24,136.6,81.3,38,60.81,52.31,73.3,79.34
eci_table_27,European Day of Whatever it Takes,Hungary,Politics,2022,254,False,7,7.164827574841998e-07,9769949.0,107,16475.741838979917,3.4,48.5,75.8,41,45.75,59.51,60.36,77.34
eci_table_27,European Day of Whatever it Takes,Republic of Ireland,Politics,2022,254,False,7,1.3980234744118766e-06,5007069.0,72,77629.9889911643,4.93,77.8,82.3,70,81.72,67.73,88.59,85.0
eci_table_27,European Day of Whatever it Takes,Italy,Politics,2022,254,False,51,8.458076697043435e-07,60297396.0,206,33189.56579886136,9.89,61.9,82.9,47,62.33,60.97,78.44,80.0
eci_table_27,European Day of Whatever it Takes,Latvia,Politics,2022,254,False,1,5.227968165856245e-07,1912789.0,30,17836.364886560932,6.52,88.1,74.7,55,68.82,55.06,81.39,81.36
eci_table_27,European Day of Whatever it Takes,Lithuania,Politics,2022,254,False,2,7.176576801571957e-07,2786844.0,43,19455.45412660343,6.35,72.4,75.7,54,72.57,47.26,79.62,81.8
eci_table_27,European Day of Whatever it Takes,Luxembourg,Politics,2022,254,False,0,0.0,645397.0,242,110172.37314087298,5.36,19.2,82.1,53,86.31,66.6,89.2,78.79
eci_table_27,European Day of Whatever it Takes,Malta,Politics,2022,254,False,0,0.0,502653.0,1380,29416.230606402427,3.47,54.3,82.3,45,70.26,68.19,81.05,78.33
eci_table_27,European Day of Whatever it Takes,Netherlands,Politics,2022,254,False,5,2.884695823248918e-07,17332850.0,508,52447.83143920359,3.2,85.0,81.8,64,87.34,74.03,90.08,86.43
eci_table_27,European Day of Whatever it Takes,Poland,Politics,2022,254,False,5,1.3167987652852026e-07,37970874.0,124,15595.227033436207,3.47,67.8,77.6,53,58.03,63.27,67.09,78.63
eci_table_27,European Day of Whatever it Takes,Portugal,Politics,2022,254,False,8,7.790120899755069e-07,10269417.0,111,23145.04081731222,6.33,63.9,81.3,60,73.19,62.92,85.78,77.64
eci_table_27,European Day of Whatever it Takes,Romania,Politics,2022,254,False,11,5.682832637892384e-07,19356544.0,84,12919.529644186485,3.98,49.4,75.4,32,57.11,49.96,73.56,70.47
eci_table_27,European Day of Whatever it Takes,Slovakia,Politics,2022,254,False,1,1.833492144311233e-07,5454073.0,114,19329.0968008679,5.56,46.6,77.2,48,61.93,61.15,78.6,72.75
eci_table_27,European Day of Whatever it Takes,Slovenia,Politics,2022,254,False,0,0.0,2087946.0,103,25739.247814359183,4.2,78.6,81.0,55,63.66,62.69,75.8,81.8
eci_table_27,European Day of Whatever it Takes,Spain,Politics,2022,254,False,13,2.761446242469297e-07,47076781.0,94,29613.67113798626,13.96,88.9,83.3,58,72.48,69.27,83.65,80.98
eci_table_27,European Day of Whatever it Takes,Sweden,Politics,2022,254,False,2,1.944493839989352e-07,10285453.0,25,51610.06605523354,6.48,67.0,82.5,71,86.41,78.29,91.9,85.92
