Country,Signatures,Threshold,Percentage,Petition_ID,Population,GDP,Population_Density,Unemployment_Rate,Tertiary_Enrollment,Life_Expectancy,Urban_Population,Labor_Participation,Signatures_Per_Capita,GDP_Per_Capita,Threshold_Ratio,Threshold_Per_Capita,Petition_Name
Austria,10724,13395,80.06,eci_table_01,8877067.0,446314739528.0,109,4.67,85.1,81.6,5194416.0,60.7,0.0012080566700690667,50277.27508736838,0.8005972377752892,0.0015089443393859706,Ban Conversion Practices
Belgium,47459,14805,320.56,eci_table_01,11484055.0,529606710418.0,383,5.59,79.7,81.6,11259082.0,53.6,0.00413259950426918,46116.699233676605,3.205606214116852,0.0012891787787501889,Ban Conversion Practices
Bulgaria,2386,11985,19.91,eci_table_01,6975761.0,86000000000.0,64,4.34,71.0,74.9,5256027.0,55.4,0.0003420415349665793,12328.404026456756,0.19908218606591574,0.001718092119268421,Ban Conversion Practices
Croatia,8574,8460,101.35,eci_table_01,4067500.0,60415553039.0,73,6.93,67.9,78.1,2328318.0,51.2,0.0021079287031346037,14853.239837492318,1.0134751773049646,0.002079901659496005,Ban Conversion Practices
Cyprus,696,4230,16.45,eci_table_01,1198575.0,24564647935.0,131,7.27,75.9,80.8,800708.0,63.1,0.0005806895688630248,20494.87761299877,0.16453900709219857,0.003529190914210625,Ban Conversion Practices
Czech Republic,3774,14805,25.49,eci_table_01,10669709.0,246489245495.0,139,1.93,64.1,79.0,7887156.0,60.6,0.00035371161481536186,23101.777704996453,0.2549138804457953,0.0013875729881667814,Ban Conversion Practices
Denmark,8587,9870,87.0,eci_table_01,5818553.0,348078018464.0,137,4.91,80.6,81.0,5119978.0,62.2,0.0014757964737968357,59822.092960913134,0.8700101317122594,0.0016962980314865225,Ban Conversion Practices
Estonia,1519,4935,30.78,eci_table_01,1331824.0,31386949981.0,31,5.11,69.6,78.2,916024.0,63.6,0.001140541092516729,23566.890205462583,0.3078014184397163,0.003705444563245594,Ban Conversion Practices
Finland,23618,9870,239.29,eci_table_01,5520314.0,268761201365.0,18,6.59,88.2,81.7,4716888.0,59.1,0.004278379816800276,48685.853986747854,2.3929078014184397,0.0017879417728774124,Ban Conversion Practices
France,580568,55695,1042.41,eci_table_01,67059887.0,2715518274227.0,119,8.43,65.6,82.5,54123364.0,55.1,0.008657455685840925,40493.9285720389,10.42405961037795,0.0008305263025569965,Ban Conversion Practices
Germany,92739,67680,137.03,eci_table_01,83132799.0,3845630030824.0,240,3.04,70.2,80.9,64324835.0,60.8,0.0011155524788717867,46258.8782897109,1.3702570921985815,0.0008141191059860742,Ban Conversion Practices
Greece,4127,14805,27.88,eci_table_01,10716322.0,209852761469.0,81,17.24,136.6,81.3,8507474.0,51.8,0.0003851134745671136,19582.53601086268,0.27875717662951705,0.0013815374342055044,Ban Conversion Practices
Hungary,3195,14805,21.58,eci_table_01,9769949.0,160967157504.0,107,3.4,48.5,75.8,6999582.0,56.5,0.00032702320145171687,16475.741838979917,0.21580547112462006,0.0015153610320790825,Ban Conversion Practices
Republic of Ireland,18503,9165,201.89,eci_table_01,5007069.0,388698711348.0,72,4.93,77.8,82.3,3133123.0,62.1,0.003695375478148993,77629.9889911643,2.018876159301691,0.0018304121632835497,Ban Conversion Practices
Italy,60701,53580,113.29,eci_table_01,60297396.0,2001244392042.0,206,9.89,61.9,82.9,42651966.0,49.6,0.001006693556053399,33189.56579886136,1.1329040686823442,0.0008885955871129162,Ban Conversion Practices
Latvia,1103,5640,19.56,eci_table_01,1912789.0,34117202555.0,30,6.52,88.1,74.7,1304943.0,61.4,0.0005766448886939438,17836.364886560932,0.1955673758865248,0.0029485740455429217,Ban Conversion Practices
Lithuania,1973,7755,25.44,eci_table_01,2786844.0,54219315600.0,43,6.35,72.4,75.7,1891013.0,61.6,0.0007079693014750736,19455.45412660343,0.2544165054803353,0.0027827176548095266,Ban Conversion Practices
Luxembourg,2091,4230,49.43,eci_table_01,645397.0,71104919108.0,242,5.36,19.2,82.1,565488.0,59.3,0.0032398663148418727,110172.37314087298,0.49432624113475176,0.006554105457571077,Ban Conversion Practices
Malta,861,4230,20.35,eci_table_01,502653.0,14786156563.0,1380,3.47,54.3,82.3,475902.0,56.5,0.0017129112926810345,29416.230606402427,0.20354609929078013,0.008415348162648984,Ban Conversion Practices
Netherlands,38112,20445,186.41,eci_table_01,17332850.0,909070395161.0,508,3.2,85.0,81.8,15924729.0,63.6,0.0021988305443132548,52447.83143920359,1.864123257520176,0.0011795521221264823,Ban Conversion Practices
Poland,9039,36660,24.66,eci_table_01,37970874.0,592164400688.0,124,3.47,67.8,77.6,22796574.0,56.7,0.0002380508807882589,15595.227033436207,0.24656301145662848,0.0009654768547071105,Ban Conversion Practices
Portugal,9025,14805,60.96,eci_table_01,10269417.0,237686075635.0,111,6.33,63.9,81.3,6753579.0,58.8,0.0008788230140036187,23145.04081731222,0.6095913542722053,0.0014416592490109224,Ban Conversion Practices
Romania,9932,23265,42.69,eci_table_01,19356544.0,250077444017.0,84,3.98,49.4,75.4,10468793.0,54.7,0.0005131081250867923,12919.529644186483,0.4269073715882227,0.0012019191029142393,Ban Conversion Practices
Slovakia,2671,9870,27.06,eci_table_01,5454073.0,105422304976.0,114,5.56,46.6,77.2,2930419.0,59.5,0.0004897257517455304,19329.0968008679,0.2706180344478217,0.001809656746435187,Ban Conversion Practices
Slovenia,6400,5640,113.48,eci_table_01,2087946.0,53742159517.0,103,4.2,78.6,81.0,1144654.0,58.4,0.003065213372376489,25739.247814359183,1.1347517730496455,0.0027012192844067806,Ban Conversion Practices
Spain,162018,41595,389.51,eci_table_01,47076781.0,1394116310769.0,94,13.96,88.9,83.3,37927409.0,57.5,0.003441569210095312,29613.67113798626,3.8951316263974034,0.0008835565881193109,Ban Conversion Practices
Sweden,17668,14805,119.34,eci_table_01,10285453.0,530832908738.0,25,6.48,67.0,82.5,9021165.0,64.6,0.0017177658582465936,51610.06605523354,1.1933806146572103,0.0014394115650521178,Ban Conversion Practices
Austria,109,13395,0.81,eci_table_02,8877067.0,446314739528.0,109,4.67,85.1,81.6,5194416.0,60.7,1.227883038395452e-05,50277.27508736838,0.008137364688316537,0.0015089443393859706,Defence of Agriculture
Belgium,160,14805,1.08,eci_table_02,11484055.0,529606710418.0,383,5.59,79.7,81.6,11259082.0,53.6,1.3932360999664316e-05,46116.699233676605,0.010807159743329957,0.0012891787787501889,Defence of Agriculture
Bulgaria,47,11985,0.39,eci_table_02,6975761.0,86000000000.0,64,4.34,71.0,74.9,5256027.0,55.4,6.737616153993808e-06,12328.404026456756,0.00392156862745098,0.001718092119268421,Defence of Agriculture
Croatia,76,8460,0.9,eci_table_02,4067500.0,60415553039.0,73,6.93,67.9,78.1,2328318.0,51.2,1.8684695759065764e-05,14853.239837492318,0.008983451536643027,0.002079901659496005,Defence of Agriculture
Cyprus,27,4230,0.64,eci_table_02,1198575.0,24564647935.0,131,7.27,75.9,80.8,800708.0,63.1,2.2526750516238032e-05,20494.87761299877,0.006382978723404255,0.003529190914210625,Defence of Agriculture
Czech Republic,39,14805,0.26,eci_table_02,10669709.0,246489245495.0,139,1.93,64.1,79.0,7887156.0,60.6,3.6552074662954726e-06,23101.777704996453,0.0026342451874366768,0.0013875729881667814,Defence of Agriculture
Denmark,29,9870,0.29,eci_table_02,5818553.0,348078018464.0,137,4.91,80.6,81.0,5119978.0,62.2,4.9840570327364895e-06,59822.092960913134,0.002938196555217832,0.0016962980314865225,Defence of Agriculture
Estonia,18,4935,0.36,eci_table_02,1331824.0,31386949981.0,31,5.11,69.6,78.2,916024.0,63.6,1.3515299318828914e-05,23566.890205462583,0.00364741641337386,0.003705444563245594,Defence of Agriculture
Finland,102,9870,1.03,eci_table_02,5520314.0,268761201365.0,18,6.59,88.2,81.7,4716888.0,59.1,1.847720981089119e-05,48685.853986747854,0.01033434650455927,0.0017879417728774124,Defence of Agriculture
France,361,55695,0.65,eci_table_02,67059887.0,2715518274227.0,119,8.43,65.6,82.5,54123364.0,55.1,5.383247961631668e-06,40493.9285720389,0.0064817308555525635,0.0008305263025569965,Defence of Agriculture
Germany,302,67680,0.45,eci_table_02,83132799.0,3845630030824.0,240,3.04,70.2,80.9,64324835.0,60.8,3.632741873637624e-06,46258.8782897109,0.0044621749408983455,0.0008141191059860742,Defence of Agriculture
Greece,120,14805,0.81,eci_table_02,10716322.0,209852761469.0,81,17.24,136.6,81.3,8507474.0,51.8,1.1197871807136813e-05,19582.53601086268,0.008105369807497468,0.0013815374342055044,Defence of Agriculture
Hungary,73,14805,0.49,eci_table_02,9769949.0,160967157504.0,107,3.4,48.5,75.8,6999582.0,56.5,7.471891613763798e-06,16475.741838979917,0.004930766632894292,0.0015153610320790825,Defence of Agriculture
Republic of Ireland,50,9165,0.55,eci_table_02,5007069.0,388698711348.0,72,4.93,77.8,82.3,3133123.0,62.1,9.985881960084832e-06,77629.9889911643,0.005455537370430988,0.0018304121632835497,Defence of Agriculture
Italy,483,53580,0.9,eci_table_02,60297396.0,2001244392042.0,206,9.89,61.9,82.9,42651966.0,49.6,8.010296166023488e-06,33189.56579886136,0.009014557670772676,0.0008885955871129162,Defence of Agriculture
Latvia,11,5640,0.2,eci_table_02,1912789.0,34117202555.0,30,6.52,88.1,74.7,1304943.0,61.4,5.750764982441869e-06,17836.364886560932,0.001950354609929078,0.0029485740455429217,Defence of Agriculture
Lithuania,25,7755,0.32,eci_table_02,2786844.0,54219315600.0,43,6.35,72.4,75.7,1891013.0,61.6,8.970721001964946e-06,19455.45412660343,0.003223726627981947,0.0027827176548095266,Defence of Agriculture
Luxembourg,10,4230,0.24,eci_table_02,645397.0,71104919108.0,242,5.36,19.2,82.1,565488.0,59.3,1.5494339143194035e-05,110172.37314087298,0.002364066193853428,0.006554105457571077,Defence of Agriculture
Malta,9,4230,0.21,eci_table_02,502653.0,14786156563.0,1380,3.47,54.3,82.3,475902.0,56.5,1.790499609074252e-05,29416.230606402427,0.002127659574468085,0.008415348162648984,Defence of Agriculture
Netherlands,67,20445,0.33,eci_table_02,17332850.0,909070395161.0,508,3.2,85.0,81.8,15924729.0,63.6,3.8654924031535495e-06,52447.83143920359,0.003277084861824407,0.0011795521221264823,Defence of Agriculture
Poland,215,36660,0.59,eci_table_02,37970874.0,592164400688.0,124,3.47,67.8,77.6,22796574.0,56.7,5.662234690726371e-06,15595.227033436207,0.005864702673213312,0.0009654768547071105,Defence of Agriculture
Portugal,136,14805,0.92,eci_table_02,10269417.0,237686075635.0,111,6.33,63.9,81.3,6753579.0,58.8,1.3243205529583617e-05,23145.04081731222,0.009186085781830463,0.0014416592490109224,Defence of Agriculture
Romania,160,23265,0.69,eci_table_02,19356544.0,250077444017.0,84,3.98,49.4,75.4,10468793.0,54.7,8.265938382388922e-06,12919.529644186483,0.006877283473028154,0.0012019191029142393,Defence of Agriculture
Slovakia,50,9870,0.51,eci_table_02,5454073.0,105422304976.0,114,5.56,46.6,77.2,2930419.0,59.5,9.167460721556165e-06,19329.0968008679,0.005065856129685917,0.001809656746435187,Defence of Agriculture
Slovenia,33,5640,0.59,eci_table_02,2087946.0,53742159517.0,103,4.2,78.6,81.0,1144654.0,58.4,1.580500645131627e-05,25739.247814359183,0.005851063829787234,0.0027012192844067806,Defence of Agriculture
Spain,1629,41595,3.92,eci_table_02,47076781.0,1394116310769.0,94,13.96,88.9,83.3,37927409.0,57.5,3.460304560755758e-05,29613.67113798626,0.03916336098088712,0.0008835565881193109,Defence of Agriculture
Sweden,91,14805,0.61,eci_table_02,10285453.0,530832908738.0,25,6.48,67.0,82.5,9021165.0,64.6,8.847446971951552e-06,51610.06605523354,0.006146572104018913,0.0014394115650521178,Defence of Agriculture
Austria,25373,13395,189.42,eci_table_03,8877067.0,446314739528.0,109,4.67,85.1,81.6,5194416.0,60.7,0.0028582638837805325,50277.27508736838,1.8942142590518851,0.0015089443393859706,My Voice My Choice
Belgium,18313,14805,123.69,eci_table_03,11484055.0,529606710418.0,383,5.59,79.7,81.6,11259082.0,53.6,0.001594645793667829,46116.699233676605,1.2369469773725092,0.0012891787787501889,My Voice My Choice
Bulgaria,6552,11985,54.67,eci_table_03,6975761.0,86000000000.0,64,4.34,71.0,74.9,5256027.0,55.4,0.000939252362573775,12328.404026456756,0.546683354192741,0.001718092119268421,My Voice My Choice
Croatia,65963,8460,779.7,eci_table_03,4067500.0,60415553039.0,73,6.93,67.9,78.1,2328318.0,51.2,0.016217086662569144,14853.239837492318,7.797044917257683,0.002079901659496005,My Voice My Choice
Cyprus,3228,4230,76.31,eci_table_03,1198575.0,24564647935.0,131,7.27,75.9,80.8,800708.0,63.1,0.0026931981728302357,20494.87761299877,0.7631205673758865,0.003529190914210625,My Voice My Choice
Czech Republic,11569,14805,78.14,eci_table_03,10669709.0,246489245495.0,139,1.93,64.1,79.0,7887156.0,60.6,0.0010842844917326236,23101.777704996453,0.7814251941911516,0.0013875729881667814,My Voice My Choice
Denmark,19652,9870,199.11,eci_table_03,5818553.0,348078018464.0,137,4.91,80.6,81.0,5119978.0,62.2,0.003377472027839224,59822.092960913134,1.9910840932117528,0.0016962980314865225,My Voice My Choice
Estonia,4894,4935,99.17,eci_table_03,1331824.0,31386949981.0,31,5.11,69.6,78.2,916024.0,63.6,0.0036746597147971505,23566.890205462583,0.991691995947315,0.003705444563245594,My Voice My Choice
Finland,66565,9870,674.42,eci_table_03,5520314.0,268761201365.0,18,6.59,88.2,81.7,4716888.0,59.1,0.012058190892764433,48685.853986747854,6.744174265450861,0.0017879417728774124,My Voice My Choice
France,169759,55695,304.8,eci_table_03,67059887.0,2715518274227.0,119,8.43,65.6,82.5,54123364.0,55.1,0.002531453713902023,40493.9285720389,3.0480114911571956,0.0008305263025569965,My Voice My Choice
Germany,167550,67680,247.56,eci_table_03,83132799.0,3845630030824.0,240,3.04,70.2,80.9,64324835.0,60.8,0.0020154500030727944,46258.8782897109,2.4756205673758864,0.0008141191059860742,My Voice My Choice
Greece,43214,14805,291.89,eci_table_03,10716322.0,209852761469.0,81,17.24,136.6,81.3,8507474.0,51.8,0.004032540268946752,19582.53601086268,2.9188787571766297,0.0013815374342055044,My Voice My Choice
Hungary,16765,14805,113.24,eci_table_03,9769949.0,160967157504.0,107,3.4,48.5,75.8,6999582.0,56.5,0.0017159762041746584,16475.741838979917,1.132387706855792,0.0015153610320790825,My Voice My Choice
Republic of Ireland,12885,9165,140.59,eci_table_03,5007069.0,388698711348.0,72,4.93,77.8,82.3,3133123.0,62.1,0.0025733617811138612,77629.9889911643,1.4058919803600656,0.0018304121632835497,My Voice My Choice
Italy,161168,53580,300.8,eci_table_03,60297396.0,2001244392042.0,206,9.89,61.9,82.9,42651966.0,49.6,0.00267288491197862,33189.56579886136,3.0079880552444944,0.0008885955871129162,My Voice My Choice
Latvia,4779,5640,84.73,eci_table_03,1912789.0,34117202555.0,30,6.52,88.1,74.7,1304943.0,61.4,0.002498445986462699,17836.364886560932,0.8473404255319149,0.0029485740455429217,My Voice My Choice
Lithuania,5693,7755,73.41,eci_table_03,2786844.0,54219315600.0,43,6.35,72.4,75.7,1891013.0,61.6,0.0020428125865674576,19455.45412660343,0.734107027724049,0.0027827176548095266,My Voice My Choice
Luxembourg,2821,4230,66.69,eci_table_03,645397.0,71104919108.0,242,5.36,19.2,82.1,565488.0,59.3,0.004370953072295037,110172.37314087298,0.666903073286052,0.006554105457571077,My Voice My Choice
Malta,4278,4230,101.13,eci_table_03,502653.0,14786156563.0,1380,3.47,54.3,82.3,475902.0,56.5,0.008510841475132945,29416.230606402427,1.0113475177304965,0.008415348162648984,My Voice My Choice
Netherlands,34467,20445,168.58,eci_table_03,17332850.0,909070395161.0,508,3.2,85.0,81.8,15924729.0,63.6,0.0019885362187984086,52447.83143920359,1.6858400586940572,0.0011795521221264823,My Voice My Choice
Poland,43297,36660,118.1,eci_table_03,37970874.0,592164400688.0,124,3.47,67.8,77.6,22796574.0,56.7,0.0011402687228110682,15595.227033436207,1.1810420076377524,0.0009654768547071105,My Voice My Choice
Portugal,17824,14805,120.39,eci_table_03,10269417.0,237686075635.0,111,6.33,63.9,81.3,6753579.0,58.8,0.0017356389364654294,23145.04081731222,1.2039175954069572,0.0014416592490109224,My Voice My Choice
Romania,67402,23265,289.71,eci_table_03,19356544.0,250077444017.0,84,3.98,49.4,75.4,10468793.0,54.7,0.0034821298678111134,12919.529644186483,2.897141629056523,0.0012019191029142393,My Voice My Choice
Slovakia,7542,9870,76.41,eci_table_03,5454073.0,105422304976.0,114,5.56,46.6,77.2,2930419.0,59.5,0.001382819775239532,19329.0968008679,0.7641337386018237,0.001809656746435187,My Voice My Choice
Slovenia,59508,5640,1055.11,eci_table_03,2087946.0,53742159517.0,103,4.2,78.6,81.0,1144654.0,58.4,0.02850073708802814,25739.247814359183,10.551063829787234,0.0027012192844067806,My Voice My Choice
Spain,59642,41595,143.39,eci_table_03,47076781.0,1394116310769.0,94,13.96,88.9,83.3,37927409.0,57.5,0.0012669090522565679,29613.67113798626,1.433874263733622,0.0008835565881193109,My Voice My Choice
Sweden,23810,14805,160.82,eci_table_03,10285453.0,530832908738.0,25,6.48,67.0,82.5,9021165.0,64.6,0.0023149199165073235,51610.06605523354,1.6082404593042892,0.0014394115650521178,My Voice My Choice
Austria,156,13395,1.16,eci_table_04,8877067.0,446314739528.0,109,4.67,85.1,81.6,5194416.0,60.7,1.757337192565968e-05,50277.27508736838,0.011646136618141097,0.0015089443393859706,Air-Quotas
Belgium,257,14805,1.74,eci_table_04,11484055.0,529606710418.0,383,5.59,79.7,81.6,11259082.0,53.6,2.237885485571081e-05,46116.699233676605,0.01735900033772374,0.0012891787787501889,Air-Quotas
Bulgaria,17,11985,0.14,eci_table_04,6975761.0,86000000000.0,64,4.34,71.0,74.9,5256027.0,55.4,2.4370100982530796e-06,12328.404026456756,0.0014184397163120568,0.001718092119268421,Air-Quotas
Croatia,24,8460,0.28,eci_table_04,4067500.0,60415553039.0,73,6.93,67.9,78.1,2328318.0,51.2,5.900430239704978e-06,14853.239837492318,0.0028368794326241137,0.002079901659496005,Air-Quotas
Cyprus,8,4230,0.19,eci_table_04,1198575.0,24564647935.0,131,7.27,75.9,80.8,800708.0,63.1,6.6745927455520095e-06,20494.87761299877,0.0018912529550827422,0.003529190914210625,Air-Quotas
Czech Republic,20,14805,0.14,eci_table_04,10669709.0,246489245495.0,139,1.93,64.1,79.0,7887156.0,60.6,1.8744653673310116e-06,23101.777704996453,0.0013508949679162446,0.0013875729881667814,Air-Quotas
Denmark,44,9870,0.45,eci_table_04,5818553.0,348078018464.0,137,4.91,80.6,81.0,5119978.0,62.2,7.562017566910536e-06,59822.092960913134,0.004457953394123607,0.0016962980314865225,Air-Quotas
Estonia,11,4935,0.22,eci_table_04,1331824.0,31386949981.0,31,5.11,69.6,78.2,916024.0,63.6,8.259349583728781e-06,23566.890205462583,0.0022289766970618034,0.003705444563245594,Air-Quotas
Finland,76,9870,0.77,eci_table_04,5520314.0,268761201365.0,18,6.59,88.2,81.7,4716888.0,59.1,1.3767332800271869e-05,48685.853986747854,0.007700101317122594,0.0017879417728774124,Air-Quotas
France,5116,55695,9.19,eci_table_04,67059887.0,2715518274227.0,119,8.43,65.6,82.5,54123364.0,55.1,7.629001820417622e-05,40493.9285720389,0.09185743783104408,0.0008305263025569965,Air-Quotas
Germany,478,67680,0.71,eci_table_04,83132799.0,3845630030824.0,240,3.04,70.2,80.9,64324835.0,60.8,5.749836475492663e-06,46258.8782897109,0.007062647754137116,0.0008141191059860742,Air-Quotas
Greece,26,14805,0.18,eci_table_04,10716322.0,209852761469.0,81,17.24,136.6,81.3,8507474.0,51.8,2.4262055582129765e-06,19582.53601086268,0.0017561634582911178,0.0013815374342055044,Air-Quotas
Hungary,41,14805,0.28,eci_table_04,9769949.0,160967157504.0,107,3.4,48.5,75.8,6999582.0,56.5,4.196541865264599e-06,16475.741838979917,0.0027693346842283012,0.0015153610320790825,Air-Quotas
Republic of Ireland,39,9165,0.43,eci_table_04,5007069.0,388698711348.0,72,4.93,77.8,82.3,3133123.0,62.1,7.78898792886617e-06,77629.9889911643,0.00425531914893617,0.0018304121632835497,Air-Quotas
Italy,330,53580,0.62,eci_table_04,60297396.0,2001244392042.0,206,9.89,61.9,82.9,42651966.0,49.6,5.472873156910457e-06,33189.56579886136,0.006159014557670772,0.0008885955871129162,Air-Quotas
Latvia,8,5640,0.14,eci_table_04,1912789.0,34117202555.0,30,6.52,88.1,74.7,1304943.0,61.4,4.182374532684996e-06,17836.364886560932,0.0014184397163120568,0.0029485740455429217,Air-Quotas
Lithuania,10,7755,0.13,eci_table_04,2786844.0,54219315600.0,43,6.35,72.4,75.7,1891013.0,61.6,3.5882884007859787e-06,19455.45412660343,0.0012894906511927789,0.0027827176548095266,Air-Quotas
Luxembourg,23,4230,0.54,eci_table_04,645397.0,71104919108.0,242,5.36,19.2,82.1,565488.0,59.3,3.563698002934628e-05,110172.37314087298,0.005437352245862884,0.006554105457571077,Air-Quotas
Malta,9,4230,0.21,eci_table_04,502653.0,14786156563.0,1380,3.47,54.3,82.3,475902.0,56.5,1.790499609074252e-05,29416.230606402427,0.002127659574468085,0.008415348162648984,Air-Quotas
Netherlands,135,20445,0.66,eci_table_04,17332850.0,909070395161.0,508,3.2,85.0,81.8,15924729.0,63.6,7.788678722772077e-06,52447.83143920359,0.006603081438004402,0.0011795521221264823,Air-Quotas
Poland,78,36660,0.21,eci_table_04,37970874.0,592164400688.0,124,3.47,67.8,77.6,22796574.0,56.7,2.054206073844916e-06,15595.227033436207,0.002127659574468085,0.0009654768547071105,Air-Quotas
Portugal,33,14805,0.22,eci_table_04,10269417.0,237686075635.0,111,6.33,63.9,81.3,6753579.0,58.8,3.2134248711489657e-06,23145.04081731222,0.0022289766970618034,0.0014416592490109224,Air-Quotas
Romania,47,23265,0.2,eci_table_04,19356544.0,250077444017.0,84,3.98,49.4,75.4,10468793.0,54.7,2.428119399826746e-06,12919.529644186483,0.00202020202020202,0.0012019191029142393,Air-Quotas
Slovakia,11,9870,0.11,eci_table_04,5454073.0,105422304976.0,114,5.56,46.6,77.2,2930419.0,59.5,2.0168413587423564e-06,19329.0968008679,0.0011144883485309017,0.001809656746435187,Air-Quotas
Slovenia,17,5640,0.3,eci_table_04,2087946.0,53742159517.0,103,4.2,78.6,81.0,1144654.0,58.4,8.141973020375048e-06,25739.247814359183,0.0030141843971631206,0.0027012192844067806,Air-Quotas
Spain,194,41595,0.47,eci_table_04,47076781.0,1394116310769.0,94,13.96,88.9,83.3,37927409.0,57.5,4.120927469531105e-06,29613.67113798626,0.004664022118043034,0.0008835565881193109,Air-Quotas
Sweden,70,14805,0.47,eci_table_04,10285453.0,530832908738.0,25,6.48,67.0,82.5,9021165.0,64.6,6.805728439962732e-06,51610.06605523354,0.004728132387706856,0.0014394115650521178,Air-Quotas
Austria,20714,13395,154.64,eci_table_05,8877067.0,446314739528.0,109,4.67,85.1,81.6,5194416.0,60.7,0.002333428372231504,50277.27508736838,1.5463979096677865,0.0015089443393859706,Stop Destroying Videogames
Belgium,31846,14805,215.1,eci_table_05,11484055.0,529606710418.0,383,5.59,79.7,81.6,11259082.0,53.6,0.0027730623024706867,46116.699233676605,2.151030057413036,0.0012891787787501889,Stop Destroying Videogames
Bulgaria,14238,11985,118.8,eci_table_05,6975761.0,86000000000.0,64,4.34,71.0,74.9,5256027.0,55.4,0.00204106763405455,12328.404026456756,1.187984981226533,0.001718092119268421,Stop Destroying Videogames
Croatia,14403,8460,170.25,eci_table_05,4067500.0,60415553039.0,73,6.93,67.9,78.1,2328318.0,51.2,0.00354099569760295,14853.239837492318,1.7024822695035462,0.002079901659496005,Stop Destroying Videogames
Cyprus,1997,4230,47.21,eci_table_05,1198575.0,24564647935.0,131,7.27,75.9,80.8,800708.0,63.1,0.0016661452141084204,20494.87761299877,0.47210401891252957,0.003529190914210625,Stop Destroying Videogames
Czech Republic,25935,14805,175.18,eci_table_05,10669709.0,246489245495.0,139,1.93,64.1,79.0,7887156.0,60.6,0.0024307129650864893,23101.777704996453,1.75177304964539,0.0013875729881667814,Stop Destroying Videogames
Denmark,36010,9870,364.84,eci_table_05,5818553.0,348078018464.0,137,4.91,80.6,81.0,5119978.0,62.2,0.006188823922373827,59822.092960913134,3.648429584599797,0.0016962980314865225,Stop Destroying Videogames
Estonia,9296,4935,188.37,eci_table_05,1331824.0,31386949981.0,31,5.11,69.6,78.2,916024.0,63.6,0.006979901248212977,23566.890205462583,1.8836879432624114,0.003705444563245594,Stop Destroying Videogames
Finland,54538,9870,552.56,eci_table_05,5520314.0,268761201365.0,18,6.59,88.2,81.7,4716888.0,59.1,0.00987951047712141,48685.853986747854,5.525633232016211,0.0017879417728774124,Stop Destroying Videogames
France,145289,55695,260.87,eci_table_05,67059887.0,2715518274227.0,119,8.43,65.6,82.5,54123364.0,55.1,0.0021665559919598434,40493.9285720389,2.6086542777628154,0.0008305263025569965,Stop Destroying Videogames
Germany,233180,67680,344.53,eci_table_05,83132799.0,3845630030824.0,240,3.04,70.2,80.9,64324835.0,60.8,0.002804909768525898,46258.8782897109,3.4453309692671397,0.0008141191059860742,Stop Destroying Videogames
Greece,19618,14805,132.51,eci_table_05,10716322.0,209852761469.0,81,17.24,136.6,81.3,8507474.0,51.8,0.0018306654092700835,19582.53601086268,1.3250928740290442,0.0013815374342055044,Stop Destroying Videogames
Hungary,25595,14805,172.88,eci_table_05,9769949.0,160967157504.0,107,3.4,48.5,75.8,6999582.0,56.5,0.002619768025401156,16475.741838979917,1.7288078351908138,0.0015153610320790825,Stop Destroying Videogames
Republic of Ireland,36073,9165,393.6,eci_table_05,5007069.0,388698711348.0,72,4.93,77.8,82.3,3133123.0,62.1,0.007204414398922803,77629.9889911643,3.93595199127114,0.0018304121632835497,Stop Destroying Videogames
Italy,77030,53580,143.77,eci_table_05,60297396.0,2001244392042.0,206,9.89,61.9,82.9,42651966.0,49.6,0.0012775012705357957,33189.56579886136,1.4376633072041807,0.0008885955871129162,Stop Destroying Videogames
Latvia,7526,5640,133.44,eci_table_05,1912789.0,34117202555.0,30,6.52,88.1,74.7,1304943.0,61.4,0.003934568841623409,17836.364886560932,1.3343971631205673,0.0029485740455429217,Stop Destroying Videogames
Lithuania,14461,7755,186.47,eci_table_05,2786844.0,54219315600.0,43,6.35,72.4,75.7,1891013.0,61.6,0.005189023856376603,19455.45412660343,1.8647324306898776,0.0027827176548095266,Stop Destroying Videogames
Luxembourg,2465,4230,58.27,eci_table_05,645397.0,71104919108.0,242,5.36,19.2,82.1,565488.0,59.3,0.0038193545987973295,110172.37314087298,0.58274231678487,0.006554105457571077,Stop Destroying Videogames
Malta,2007,4230,47.45,eci_table_05,502653.0,14786156563.0,1380,3.47,54.3,82.3,475902.0,56.5,0.003992814128235582,29416.230606402427,0.474468085106383,0.008415348162648984,Stop Destroying Videogames
Netherlands,90413,20445,442.23,eci_table_05,17332850.0,909070395161.0,508,3.2,85.0,81.8,15924729.0,63.6,0.005216280069348087,52447.83143920359,4.422254830031792,0.0011795521221264823,Stop Destroying Videogames
Poland,143826,36660,392.32,eci_table_05,37970874.0,592164400688.0,124,3.47,67.8,77.6,22796574.0,56.7,0.0037877979843181906,15595.227033436207,3.923240589198036,0.0009654768547071105,Stop Destroying Videogames
Portugal,31585,14805,213.34,eci_table_05,10269417.0,237686075635.0,111,6.33,63.9,81.3,6753579.0,58.8,0.0030756371077345483,23145.04081731222,2.133400878081729,0.0014416592490109224,Stop Destroying Videogames
Romania,38221,23265,164.29,eci_table_05,19356544.0,250077444017.0,84,3.98,49.4,75.4,10468793.0,54.7,0.001974577693208044,12919.529644186483,1.6428540726413068,0.0012019191029142393,Stop Destroying Videogames
Slovakia,18628,9870,188.73,eci_table_05,5454073.0,105422304976.0,114,5.56,46.6,77.2,2930419.0,59.5,0.003415429166422965,19329.0968008679,1.8873353596757851,0.001809656746435187,Stop Destroying Videogames
Slovenia,6520,5640,115.6,eci_table_05,2087946.0,53742159517.0,103,4.2,78.6,81.0,1144654.0,58.4,0.0031226861231085476,25739.247814359183,1.1560283687943262,0.0027012192844067806,Stop Destroying Videogames
Spain,121616,41595,292.38,eci_table_05,47076781.0,1394116310769.0,94,13.96,88.9,83.3,37927409.0,57.5,0.0025833542017242002,29613.67113798626,2.9238129582882557,0.0008835565881193109,Stop Destroying Videogames
Sweden,71158,14805,480.63,eci_table_05,10285453.0,530832908738.0,25,6.48,67.0,82.5,9021165.0,64.6,0.006918314633298115,51610.06605523354,4.806349206349206,0.0014394115650521178,Stop Destroying Videogames
Austria,714,13395,5.33,eci_table_06,8877067.0,446314739528.0,109,4.67,85.1,81.6,5194416.0,60.7,8.043197150590393e-05,50277.27508736838,0.053303471444568866,0.0015089443393859706,Stop Cruelty Stop Slaughter
Belgium,564,14805,3.81,eci_table_06,11484055.0,529606710418.0,383,5.59,79.7,81.6,11259082.0,53.6,4.911157252381672e-05,46116.699233676605,0.0380952380952381,0.0012891787787501889,Stop Cruelty Stop Slaughter
Bulgaria,122,11985,1.02,eci_table_06,6975761.0,86000000000.0,64,4.34,71.0,74.9,5256027.0,55.4,1.748913129334563e-05,12328.404026456756,0.01017939090529829,0.001718092119268421,Stop Cruelty Stop Slaughter
Croatia,472,8460,5.58,eci_table_06,4067500.0,60415553039.0,73,6.93,67.9,78.1,2328318.0,51.2,0.00011604179471419791,14853.239837492318,0.055791962174940896,0.002079901659496005,Stop Cruelty Stop Slaughter
Cyprus,29,4230,0.69,eci_table_06,1198575.0,24564647935.0,131,7.27,75.9,80.8,800708.0,63.1,2.4195398702626034e-05,20494.87761299877,0.006855791962174941,0.003529190914210625,Stop Cruelty Stop Slaughter
Czech Republic,289,14805,1.95,eci_table_06,10669709.0,246489245495.0,139,1.93,64.1,79.0,7887156.0,60.6,2.7086024557933118e-05,23101.777704996453,0.019520432286389732,0.0013875729881667814,Stop Cruelty Stop Slaughter
Denmark,56088,9870,568.27,eci_table_06,5818553.0,348078018464.0,137,4.91,80.6,81.0,5119978.0,62.2,0.009639510029383595,59822.092960913134,5.682674772036474,0.0016962980314865225,Stop Cruelty Stop Slaughter
Estonia,74,4935,1.5,eci_table_06,1331824.0,31386949981.0,31,5.11,69.6,78.2,916024.0,63.6,5.556289719962998e-05,23566.890205462583,0.014994934143870315,0.003705444563245594,Stop Cruelty Stop Slaughter
Finland,48444,9870,490.82,eci_table_06,5520314.0,268761201365.0,18,6.59,88.2,81.7,4716888.0,59.1,0.008775587765478559,48685.853986747854,4.908206686930091,0.0017879417728774124,Stop Cruelty Stop Slaughter
France,230654,55695,414.14,eci_table_06,67059887.0,2715518274227.0,119,8.43,65.6,82.5,54123364.0,55.1,0.00343952264637726,40493.9285720389,4.141377143370141,0.0008305263025569965,Stop Cruelty Stop Slaughter
Germany,122277,67680,180.67,eci_table_06,83132799.0,3845630030824.0,240,3.04,70.2,80.9,64324835.0,60.8,0.00147086350358539,46258.8782897109,1.8066932624113474,0.0008141191059860742,Stop Cruelty Stop Slaughter
Greece,7144,14805,48.25,eci_table_06,10716322.0,209852761469.0,81,17.24,136.6,81.3,8507474.0,51.8,0.0006666466349182117,19582.53601086268,0.48253968253968255,0.0013815374342055044,Stop Cruelty Stop Slaughter
Hungary,302,14805,2.04,eci_table_06,9769949.0,160967157504.0,107,3.4,48.5,75.8,6999582.0,56.5,3.091111325146119e-05,16475.741838979917,0.02039851401553529,0.0015153610320790825,Stop Cruelty Stop Slaughter
Republic of Ireland,29923,9165,326.49,eci_table_06,5007069.0,388698711348.0,72,4.93,77.8,82.3,3133123.0,62.1,0.005976150917832369,77629.9889911643,3.264920894708129,0.0018304121632835497,Stop Cruelty Stop Slaughter
Italy,13910,53580,25.96,eci_table_06,60297396.0,2001244392042.0,206,9.89,61.9,82.9,42651966.0,49.6,0.0002306898957958317,33189.56579886136,0.25961179544606194,0.0008885955871129162,Stop Cruelty Stop Slaughter
Latvia,54,5640,0.96,eci_table_06,1912789.0,34117202555.0,30,6.52,88.1,74.7,1304943.0,61.4,2.823102809562372e-05,17836.364886560932,0.009574468085106383,0.0029485740455429217,Stop Cruelty Stop Slaughter
Lithuania,97,7755,1.25,eci_table_06,2786844.0,54219315600.0,43,6.35,72.4,75.7,1891013.0,61.6,3.480639748762399e-05,19455.45412660343,0.012508059316569954,0.0027827176548095266,Stop Cruelty Stop Slaughter
Luxembourg,1515,4230,35.82,eci_table_06,645397.0,71104919108.0,242,5.36,19.2,82.1,565488.0,59.3,0.002347392380193896,110172.37314087298,0.35815602836879434,0.006554105457571077,Stop Cruelty Stop Slaughter
Malta,193,4230,4.56,eci_table_06,502653.0,14786156563.0,1380,3.47,54.3,82.3,475902.0,56.5,0.0003839626939459229,29416.230606402427,0.04562647754137116,0.008415348162648984,Stop Cruelty Stop Slaughter
Netherlands,69235,20445,338.64,eci_table_06,17332850.0,909070395161.0,508,3.2,85.0,81.8,15924729.0,63.6,0.003994438306452776,52447.83143920359,3.3864025434091465,0.0011795521221264823,Stop Cruelty Stop Slaughter
Poland,1437,36660,3.92,eci_table_06,37970874.0,592164400688.0,124,3.47,67.8,77.6,22796574.0,56.7,3.7844796514296725e-05,15595.227033436207,0.039198036006546644,0.0009654768547071105,Stop Cruelty Stop Slaughter
Portugal,309,14805,2.09,eci_table_06,10269417.0,237686075635.0,111,6.33,63.9,81.3,6753579.0,58.8,3.0089341975303953e-05,23145.04081731222,0.020871327254305978,0.0014416592490109224,Stop Cruelty Stop Slaughter
Romania,901,23265,3.87,eci_table_06,19356544.0,250077444017.0,84,3.98,49.4,75.4,10468793.0,54.7,4.654756551582762e-05,12919.529644186483,0.03872770255748979,0.0012019191029142393,Stop Cruelty Stop Slaughter
Slovakia,2143,9870,21.71,eci_table_06,5454073.0,105422304976.0,114,5.56,46.6,77.2,2930419.0,59.5,0.00039291736652589726,19329.0968008679,0.2171225937183384,0.001809656746435187,Stop Cruelty Stop Slaughter
Slovenia,123,5640,2.18,eci_table_06,2087946.0,53742159517.0,103,4.2,78.6,81.0,1144654.0,58.4,5.890956950036064e-05,25739.247814359183,0.021808510638297873,0.0027012192844067806,Stop Cruelty Stop Slaughter
Spain,3014,41595,7.25,eci_table_06,47076781.0,1394116310769.0,94,13.96,88.9,83.3,37927409.0,57.5,6.402306903694201e-05,29613.67113798626,0.07246063228753456,0.0008835565881193109,Stop Cruelty Stop Slaughter
Sweden,341,14805,2.3,eci_table_06,10285453.0,530832908738.0,25,6.48,67.0,82.5,9021165.0,64.6,3.315361997181845e-05,51610.06605523354,0.02303275920297197,0.0014394115650521178,Stop Cruelty Stop Slaughter
Austria,352,13395,2.63,eci_table_07,8877067.0,446314739528.0,109,4.67,85.1,81.6,5194416.0,60.7,3.965273665277056e-05,50277.27508736838,0.02627846211272863,0.0015089443393859706,STOP FAKE FOOD: ORIGIN ON LABEL
Belgium,426,14805,2.88,eci_table_07,11484055.0,529606710418.0,383,5.59,79.7,81.6,11259082.0,53.6,3.709491116160624e-05,46116.699233676605,0.028774062816616007,0.0012891787787501889,STOP FAKE FOOD: ORIGIN ON LABEL
Bulgaria,185,11985,1.54,eci_table_07,6975761.0,86000000000.0,64,4.34,71.0,74.9,5256027.0,55.4,2.652040401040116e-05,12328.404026456756,0.01543596161869003,0.001718092119268421,STOP FAKE FOOD: ORIGIN ON LABEL
Croatia,217,8460,2.57,eci_table_07,4067500.0,60415553039.0,73,6.93,67.9,78.1,2328318.0,51.2,5.3349723417332515e-05,14853.239837492318,0.02565011820330969,0.002079901659496005,STOP FAKE FOOD: ORIGIN ON LABEL
Cyprus,63,4230,1.49,eci_table_07,1198575.0,24564647935.0,131,7.27,75.9,80.8,800708.0,63.1,5.256241787122208e-05,20494.87761299877,0.014893617021276596,0.003529190914210625,STOP FAKE FOOD: ORIGIN ON LABEL
Czech Republic,1235,14805,8.34,eci_table_07,10669709.0,246489245495.0,139,1.93,64.1,79.0,7887156.0,60.6,0.00011574823643268996,23101.777704996453,0.0834177642688281,0.0013875729881667814,STOP FAKE FOOD: ORIGIN ON LABEL
Denmark,141,9870,1.43,eci_table_07,5818553.0,348078018464.0,137,4.91,80.6,81.0,5119978.0,62.2,2.4232829021236036e-05,59822.092960913134,0.014285714285714285,0.0016962980314865225,STOP FAKE FOOD: ORIGIN ON LABEL
Estonia,35,4935,0.71,eci_table_07,1331824.0,31386949981.0,31,5.11,69.6,78.2,916024.0,63.6,2.6279748675500667e-05,23566.890205462583,0.0070921985815602835,0.003705444563245594,STOP FAKE FOOD: ORIGIN ON LABEL
Finland,385,9870,3.9,eci_table_07,5520314.0,268761201365.0,18,6.59,88.2,81.7,4716888.0,59.1,6.97424095803246e-05,48685.853986747854,0.03900709219858156,0.0017879417728774124,STOP FAKE FOOD: ORIGIN ON LABEL
France,1654,55695,2.97,eci_table_07,67059887.0,2715518274227.0,119,8.43,65.6,82.5,54123364.0,55.1,2.4664521131686367e-05,40493.9285720389,0.02969745937696382,0.0008305263025569965,STOP FAKE FOOD: ORIGIN ON LABEL
Germany,1583,67680,2.34,eci_table_07,83132799.0,3845630030824.0,240,3.04,70.2,80.9,64324835.0,60.8,1.9041822470093902e-05,46258.8782897109,0.02338947990543735,0.0008141191059860742,STOP FAKE FOOD: ORIGIN ON LABEL
Greece,251,14805,1.7,eci_table_07,10716322.0,209852761469.0,81,17.24,136.6,81.3,8507474.0,51.8,2.3422215196594502e-05,19582.53601086268,0.016953731847348868,0.0013815374342055044,STOP FAKE FOOD: ORIGIN ON LABEL
Hungary,185,14805,1.25,eci_table_07,9769949.0,160967157504.0,107,3.4,48.5,75.8,6999582.0,56.5,1.8935615733510993e-05,16475.741838979917,0.012495778453225262,0.0015153610320790825,STOP FAKE FOOD: ORIGIN ON LABEL
Republic of Ireland,216,9165,2.36,eci_table_07,5007069.0,388698711348.0,72,4.93,77.8,82.3,3133123.0,62.1,4.313901006756647e-05,77629.9889911643,0.023567921440261867,0.0018304121632835497,STOP FAKE FOOD: ORIGIN ON LABEL
Italy,841188,53580,1569.97,eci_table_07,60297396.0,2001244392042.0,206,9.89,61.9,82.9,42651966.0,49.6,0.01395065219731877,33189.56579886136,15.6996640537514,0.0008885955871129162,STOP FAKE FOOD: ORIGIN ON LABEL
Latvia,85,5640,1.51,eci_table_07,1912789.0,34117202555.0,30,6.52,88.1,74.7,1304943.0,61.4,4.4437729409778076e-05,17836.364886560932,0.015070921985815602,0.0029485740455429217,STOP FAKE FOOD: ORIGIN ON LABEL
Lithuania,91,7755,1.17,eci_table_07,2786844.0,54219315600.0,43,6.35,72.4,75.7,1891013.0,61.6,3.265342444715241e-05,19455.45412660343,0.011734364925854288,0.0027827176548095266,STOP FAKE FOOD: ORIGIN ON LABEL
Luxembourg,49,4230,1.16,eci_table_07,645397.0,71104919108.0,242,5.36,19.2,82.1,565488.0,59.3,7.592226180165076e-05,110172.37314087298,0.011583924349881796,0.006554105457571077,STOP FAKE FOOD: ORIGIN ON LABEL
Malta,19,4230,0.45,eci_table_07,502653.0,14786156563.0,1380,3.47,54.3,82.3,475902.0,56.5,3.779943619156754e-05,29416.230606402427,0.004491725768321513,0.008415348162648984,STOP FAKE FOOD: ORIGIN ON LABEL
Netherlands,503,20445,2.46,eci_table_07,17332850.0,909070395161.0,508,3.2,85.0,81.8,15924729.0,63.6,2.902003998188411e-05,52447.83143920359,0.024602592320860848,0.0011795521221264823,STOP FAKE FOOD: ORIGIN ON LABEL
Poland,766,36660,2.09,eci_table_07,37970874.0,592164400688.0,124,3.47,67.8,77.6,22796574.0,56.7,2.0173357084169303e-05,15595.227033436207,0.02089470812875068,0.0009654768547071105,STOP FAKE FOOD: ORIGIN ON LABEL
Portugal,292,14805,1.97,eci_table_07,10269417.0,237686075635.0,111,6.33,63.9,81.3,6753579.0,58.8,2.8433941284106002e-05,23145.04081731222,0.01972306653157717,0.0014416592490109224,STOP FAKE FOOD: ORIGIN ON LABEL
Romania,503,23265,2.16,eci_table_07,19356544.0,250077444017.0,84,3.98,49.4,75.4,10468793.0,54.7,2.5986043789635175e-05,12919.529644186483,0.02162045991833226,0.0012019191029142393,STOP FAKE FOOD: ORIGIN ON LABEL
Slovakia,5214,9870,52.83,eci_table_07,5454073.0,105422304976.0,114,5.56,46.6,77.2,2930419.0,59.5,0.0009559828040438769,19329.0968008679,0.5282674772036474,0.001809656746435187,STOP FAKE FOOD: ORIGIN ON LABEL
Slovenia,179,5640,3.17,eci_table_07,2087946.0,53742159517.0,103,4.2,78.6,81.0,1144654.0,58.4,8.573018650865492e-05,25739.247814359183,0.03173758865248227,0.0027012192844067806,STOP FAKE FOOD: ORIGIN ON LABEL
Spain,12356,41595,29.71,eci_table_07,47076781.0,1394116310769.0,94,13.96,88.9,83.3,37927409.0,57.5,0.0002624648443996203,29613.67113798626,0.2970549344873182,0.0008835565881193109,STOP FAKE FOOD: ORIGIN ON LABEL
Sweden,414,14805,2.8,eci_table_07,10285453.0,530832908738.0,25,6.48,67.0,82.5,9021165.0,64.6,4.025102248777959e-05,51610.06605523354,0.02796352583586626,0.0014394115650521178,STOP FAKE FOOD: ORIGIN ON LABEL
Austria,177,13395,1.32,eci_table_08,8877067.0,446314739528.0,109,4.67,85.1,81.6,5194416.0,60.7,1.993901814642156e-05,50277.27508736838,0.013213885778275475,0.0015089443393859706,Water-Smart and Resilient Europe
Belgium,217,14805,1.47,eci_table_08,11484055.0,529606710418.0,383,5.59,79.7,81.6,11259082.0,53.6,1.889576460579473e-05,46116.699233676605,0.014657210401891253,0.0012891787787501889,Water-Smart and Resilient Europe
Bulgaria,50,11985,0.42,eci_table_08,6975761.0,86000000000.0,64,4.34,71.0,74.9,5256027.0,55.4,7.167676759567881e-06,12328.404026456756,0.004171881518564873,0.001718092119268421,Water-Smart and Resilient Europe
Croatia,64,8460,0.76,eci_table_08,4067500.0,60415553039.0,73,6.93,67.9,78.1,2328318.0,51.2,1.5734480639213277e-05,14853.239837492318,0.007565011820330969,0.002079901659496005,Water-Smart and Resilient Europe
Cyprus,20,4230,0.47,eci_table_08,1198575.0,24564647935.0,131,7.27,75.9,80.8,800708.0,63.1,1.6686481863880024e-05,20494.87761299877,0.004728132387706856,0.003529190914210625,Water-Smart and Resilient Europe
Czech Republic,44,14805,0.3,eci_table_08,10669709.0,246489245495.0,139,1.93,64.1,79.0,7887156.0,60.6,4.123823808128226e-06,23101.777704996453,0.002971968929415738,0.0013875729881667814,Water-Smart and Resilient Europe
Denmark,43,9870,0.44,eci_table_08,5818553.0,348078018464.0,137,4.91,80.6,81.0,5119978.0,62.2,7.390153531298933e-06,59822.092960913134,0.0043566362715298885,0.0016962980314865225,Water-Smart and Resilient Europe
Estonia,10,4935,0.2,eci_table_08,1331824.0,31386949981.0,31,5.11,69.6,78.2,916024.0,63.6,7.508499621571619e-06,23566.890205462583,0.002026342451874367,0.003705444563245594,Water-Smart and Resilient Europe
Finland,118,9870,1.2,eci_table_08,5520314.0,268761201365.0,18,6.59,88.2,81.7,4716888.0,59.1,2.1375595663580006e-05,48685.853986747854,0.011955420466058764,0.0017879417728774124,Water-Smart and Resilient Europe
France,663,55695,1.19,eci_table_08,67059887.0,2715518274227.0,119,8.43,65.6,82.5,54123364.0,55.1,9.886685314575613e-06,40493.9285720389,0.011904120657150552,0.0008305263025569965,Water-Smart and Resilient Europe
Germany,769,67680,1.14,eci_table_08,83132799.0,3845630030824.0,240,3.04,70.2,80.9,64324835.0,60.8,9.250259936514348e-06,46258.8782897109,0.011362293144208039,0.0008141191059860742,Water-Smart and Resilient Europe
Greece,84,14805,0.57,eci_table_08,10716322.0,209852761469.0,81,17.24,136.6,81.3,8507474.0,51.8,7.83851026499577e-06,19582.53601086268,0.005673758865248227,0.0013815374342055044,Water-Smart and Resilient Europe
Hungary,106,14805,0.72,eci_table_08,9769949.0,160967157504.0,107,3.4,48.5,75.8,6999582.0,56.5,1.0849596041903597e-05,16475.741838979917,0.007159743329956096,0.0015153610320790825,Water-Smart and Resilient Europe
Republic of Ireland,68,9165,0.74,eci_table_08,5007069.0,388698711348.0,72,4.93,77.8,82.3,3133123.0,62.1,1.3580799465715372e-05,77629.9889911643,0.007419530823786143,0.0018304121632835497,Water-Smart and Resilient Europe
Italy,745,53580,1.39,eci_table_08,60297396.0,2001244392042.0,206,9.89,61.9,82.9,42651966.0,49.6,1.2355425763328154e-05,33189.56579886136,0.013904441955953714,0.0008885955871129162,Water-Smart and Resilient Europe
Latvia,13,5640,0.23,eci_table_08,1912789.0,34117202555.0,30,6.52,88.1,74.7,1304943.0,61.4,6.796358615613118e-06,17836.364886560932,0.002304964539007092,0.0029485740455429217,Water-Smart and Resilient Europe
Lithuania,19,7755,0.25,eci_table_08,2786844.0,54219315600.0,43,6.35,72.4,75.7,1891013.0,61.6,6.817747961493359e-06,19455.45412660343,0.00245003223726628,0.0027827176548095266,Water-Smart and Resilient Europe
Luxembourg,48,4230,1.13,eci_table_08,645397.0,71104919108.0,242,5.36,19.2,82.1,565488.0,59.3,7.437282788733136e-05,110172.37314087298,0.011347517730496455,0.006554105457571077,Water-Smart and Resilient Europe
Malta,2,4230,0.05,eci_table_08,502653.0,14786156563.0,1380,3.47,54.3,82.3,475902.0,56.5,3.978888020165005e-06,29416.230606402427,0.00047281323877068556,0.008415348162648984,Water-Smart and Resilient Europe
Netherlands,175,20445,0.86,eci_table_08,17332850.0,909070395161.0,508,3.2,85.0,81.8,15924729.0,63.6,1.0096435381371212e-05,52447.83143920359,0.008559550012227928,0.0011795521221264823,Water-Smart and Resilient Europe
Poland,260,36660,0.71,eci_table_08,37970874.0,592164400688.0,124,3.47,67.8,77.6,22796574.0,56.7,6.847353579483053e-06,15595.227033436207,0.0070921985815602835,0.0009654768547071105,Water-Smart and Resilient Europe
Portugal,106,14805,0.72,eci_table_08,10269417.0,237686075635.0,111,6.33,63.9,81.3,6753579.0,58.8,1.0321910192175466e-05,23145.04081731222,0.007159743329956096,0.0014416592490109224,Water-Smart and Resilient Europe
Romania,122,23265,0.52,eci_table_08,19356544.0,250077444017.0,84,3.98,49.4,75.4,10468793.0,54.7,6.302778016571553e-06,12919.529644186483,0.005243928648183968,0.0012019191029142393,Water-Smart and Resilient Europe
Slovakia,40,9870,0.41,eci_table_08,5454073.0,105422304976.0,114,5.56,46.6,77.2,2930419.0,59.5,7.3339685772449325e-06,19329.0968008679,0.004052684903748734,0.001809656746435187,Water-Smart and Resilient Europe
Slovenia,43,5640,0.76,eci_table_08,2087946.0,53742159517.0,103,4.2,78.6,81.0,1144654.0,58.4,2.0594402345654535e-05,25739.247814359183,0.007624113475177305,0.0027012192844067806,Water-Smart and Resilient Europe
Spain,316,41595,0.76,eci_table_08,47076781.0,1394116310769.0,94,13.96,88.9,83.3,37927409.0,57.5,6.712438558617676e-06,29613.67113798626,0.00759706695516288,0.0008835565881193109,Water-Smart and Resilient Europe
Sweden,120,14805,0.81,eci_table_08,10285453.0,530832908738.0,25,6.48,67.0,82.5,9021165.0,64.6,1.1666963039936112e-05,51610.06605523354,0.008105369807497468,0.0014394115650521178,Water-Smart and Resilient Europe
Austria,1139,13395,8.5,eci_table_09,8877067.0,446314739528.0,109,4.67,85.1,81.6,5194416.0,60.7,0.00012830814502132293,50277.27508736838,0.08503172825681224,0.0015089443393859706,PsychedeliCare
Belgium,2993,14805,20.22,eci_table_09,11484055.0,529606710418.0,383,5.59,79.7,81.6,11259082.0,53.6,0.00026062222794997065,46116.699233676605,0.20216143194866598,0.0012891787787501889,PsychedeliCare
Bulgaria,197,11985,1.64,eci_table_09,6975761.0,86000000000.0,64,4.34,71.0,74.9,5256027.0,55.4,2.824064643269745e-05,12328.404026456756,0.0164372131831456,0.001718092119268421,PsychedeliCare
Croatia,1115,8460,13.18,eci_table_09,4067500.0,60415553039.0,73,6.93,67.9,78.1,2328318.0,51.2,0.0002741241548862938,14853.239837492318,0.1317966903073286,0.002079901659496005,PsychedeliCare
Cyprus,53,4230,1.25,eci_table_09,1198575.0,24564647935.0,131,7.27,75.9,80.8,800708.0,63.1,4.4219176939282065e-05,20494.87761299877,0.012529550827423169,0.003529190914210625,PsychedeliCare
Czech Republic,547,14805,3.69,eci_table_09,10669709.0,246489245495.0,139,1.93,64.1,79.0,7887156.0,60.6,5.1266627796503165e-05,23101.777704996453,0.036946977372509286,0.0013875729881667814,PsychedeliCare
Denmark,882,9870,8.94,eci_table_09,5818553.0,348078018464.0,137,4.91,80.6,81.0,5119978.0,62.2,0.00015158407940943393,59822.092960913134,0.08936170212765958,0.0016962980314865225,PsychedeliCare
Estonia,789,4935,15.99,eci_table_09,1331824.0,31386949981.0,31,5.11,69.6,78.2,916024.0,63.6,0.0005924206201420008,23566.890205462583,0.15987841945288753,0.003705444563245594,PsychedeliCare
Finland,909,9870,9.21,eci_table_09,5520314.0,268761201365.0,18,6.59,88.2,81.7,4716888.0,59.1,0.00016466454625588327,48685.853986747854,0.09209726443768997,0.0017879417728774124,PsychedeliCare
France,28671,55695,51.48,eci_table_09,67059887.0,2715518274227.0,119,8.43,65.6,82.5,54123364.0,55.1,0.0004275432196895888,40493.9285720389,0.5147858874225694,0.0008305263025569965,PsychedeliCare
Germany,4800,67680,7.09,eci_table_09,83132799.0,3845630030824.0,240,3.04,70.2,80.9,64324835.0,60.8,5.7738943686955614e-05,46258.8782897109,0.07092198581560284,0.0008141191059860742,PsychedeliCare
Greece,880,14805,5.94,eci_table_09,10716322.0,209852761469.0,81,17.24,136.6,81.3,8507474.0,51.8,8.211772658566997e-05,19582.53601086268,0.05943937858831476,0.0013815374342055044,PsychedeliCare
Hungary,662,14805,4.47,eci_table_09,9769949.0,160967157504.0,107,3.4,48.5,75.8,6999582.0,56.5,6.775879792207718e-05,16475.741838979917,0.04471462343802769,0.0015153610320790825,PsychedeliCare
Republic of Ireland,1304,9165,14.23,eci_table_09,5007069.0,388698711348.0,72,4.93,77.8,82.3,3133123.0,62.1,0.00026043180151901244,77629.9889911643,0.14228041462084015,0.0018304121632835497,PsychedeliCare
Italy,11485,53580,21.44,eci_table_09,60297396.0,2001244392042.0,206,9.89,61.9,82.9,42651966.0,49.6,0.00019047257032459578,33189.56579886136,0.21435237028742068,0.0008885955871129162,PsychedeliCare
Latvia,312,5640,5.53,eci_table_09,1912789.0,34117202555.0,30,6.52,88.1,74.7,1304943.0,61.4,0.00016311260677471482,17836.364886560932,0.05531914893617021,0.0029485740455429217,PsychedeliCare
Lithuania,497,7755,6.41,eci_table_09,2786844.0,54219315600.0,43,6.35,72.4,75.7,1891013.0,61.6,0.00017833793351906314,19455.45412660343,0.06408768536428111,0.0027827176548095266,PsychedeliCare
Luxembourg,305,4230,7.21,eci_table_09,645397.0,71104919108.0,242,5.36,19.2,82.1,565488.0,59.3,0.00047257734386741806,110172.37314087298,0.07210401891252956,0.006554105457571077,PsychedeliCare
Malta,163,4230,3.85,eci_table_09,502653.0,14786156563.0,1380,3.47,54.3,82.3,475902.0,56.5,0.00032427937364344785,29416.230606402427,0.038534278959810875,0.008415348162648984,PsychedeliCare
Netherlands,1207,20445,5.9,eci_table_09,17332850.0,909070395161.0,508,3.2,85.0,81.8,15924729.0,63.6,6.963655717322887e-05,52447.83143920359,0.05903643922719491,0.0011795521221264823,PsychedeliCare
Poland,6790,36660,18.52,eci_table_09,37970874.0,592164400688.0,124,3.47,67.8,77.6,22796574.0,56.7,0.0001788212723257305,15595.227033436207,0.18521549372613202,0.0009654768547071105,PsychedeliCare
Portugal,1373,14805,9.27,eci_table_09,10269417.0,237686075635.0,111,6.33,63.9,81.3,6753579.0,58.8,0.00013369794994204636,23145.04081731222,0.09273893954745019,0.0014416592490109224,PsychedeliCare
Romania,813,23265,3.49,eci_table_09,19356544.0,250077444017.0,84,3.98,49.4,75.4,10468793.0,54.7,4.2001299405513714e-05,12919.529644186483,0.03494519664732431,0.0012019191029142393,PsychedeliCare
Slovakia,331,9870,3.35,eci_table_09,5454073.0,105422304976.0,114,5.56,46.6,77.2,2930419.0,59.5,6.0688589976701816e-05,19329.0968008679,0.03353596757852077,0.001809656746435187,PsychedeliCare
Slovenia,528,5640,9.36,eci_table_09,2087946.0,53742159517.0,103,4.2,78.6,81.0,1144654.0,58.4,0.0002528801032210603,25739.247814359183,0.09361702127659574,0.0027012192844067806,PsychedeliCare
Spain,4103,41595,9.86,eci_table_09,47076781.0,1394116310769.0,94,13.96,88.9,83.3,37927409.0,57.5,8.715549179116559e-05,29613.67113798626,0.09864166366149778,0.0008835565881193109,PsychedeliCare
Sweden,1168,14805,7.89,eci_table_09,10285453.0,530832908738.0,25,6.48,67.0,82.5,9021165.0,64.6,0.00011355844025537816,51610.06605523354,0.07889226612630867,0.0014394115650521178,PsychedeliCare
Austria,200,13395,1.49,eci_table_10,8877067.0,446314739528.0,109,4.67,85.1,81.6,5194416.0,60.7,2.2529964007256e-05,50277.27508736838,0.014930944382232176,0.0015089443393859706,Stop torture and inhuman treatment at Europe’s borders
Belgium,253,14805,1.71,eci_table_10,11484055.0,529606710418.0,383,5.59,79.7,81.6,11259082.0,53.6,2.2030545830719203e-05,46116.699233676605,0.017088821344140494,0.0012891787787501889,Stop torture and inhuman treatment at Europe’s borders
Bulgaria,36,11985,0.3,eci_table_10,6975761.0,86000000000.0,64,4.34,71.0,74.9,5256027.0,55.4,5.160727266888874e-06,12328.404026456756,0.003003754693366708,0.001718092119268421,Stop torture and inhuman treatment at Europe’s borders
Croatia,44,8460,0.52,eci_table_10,4067500.0,60415553039.0,73,6.93,67.9,78.1,2328318.0,51.2,1.0817455439459127e-05,14853.239837492318,0.005200945626477541,0.002079901659496005,Stop torture and inhuman treatment at Europe’s borders
Cyprus,1,4230,0.02,eci_table_10,1198575.0,24564647935.0,131,7.27,75.9,80.8,800708.0,63.1,8.343240931940012e-07,20494.87761299877,0.00023640661938534278,0.003529190914210625,Stop torture and inhuman treatment at Europe’s borders
Czech Republic,17,14805,0.11,eci_table_10,10669709.0,246489245495.0,139,1.93,64.1,79.0,7887156.0,60.6,1.59329556223136e-06,23101.777704996453,0.001148260722728808,0.0013875729881667814,Stop torture and inhuman treatment at Europe’s borders
Denmark,65,9870,0.66,eci_table_10,5818553.0,348078018464.0,137,4.91,80.6,81.0,5119978.0,62.2,1.1171162314754201e-05,59822.092960913134,0.006585612968591692,0.0016962980314865225,Stop torture and inhuman treatment at Europe’s borders
Estonia,6,4935,0.12,eci_table_10,1331824.0,31386949981.0,31,5.11,69.6,78.2,916024.0,63.6,4.505099772942971e-06,23566.890205462583,0.0012158054711246201,0.003705444563245594,Stop torture and inhuman treatment at Europe’s borders
Finland,127,9870,1.29,eci_table_10,5520314.0,268761201365.0,18,6.59,88.2,81.7,4716888.0,59.1,2.3005937705717464e-05,48685.853986747854,0.012867274569402228,0.0017879417728774124,Stop torture and inhuman treatment at Europe’s borders
France,2497,55695,4.48,eci_table_10,67059887.0,2715518274227.0,119,8.43,65.6,82.5,54123364.0,55.1,3.723537440497029e-05,40493.9285720389,0.044833467995331715,0.0008305263025569965,Stop torture and inhuman treatment at Europe’s borders
Germany,2899,67680,4.28,eci_table_10,83132799.0,3845630030824.0,240,3.04,70.2,80.9,64324835.0,60.8,3.48719161976009e-05,46258.8782897109,0.0428339243498818,0.0008141191059860742,Stop torture and inhuman treatment at Europe’s borders
Greece,146,14805,0.99,eci_table_10,10716322.0,209852761469.0,81,17.24,136.6,81.3,8507474.0,51.8,1.362407736534979e-05,19582.53601086268,0.009861533265788584,0.0013815374342055044,Stop torture and inhuman treatment at Europe’s borders
Hungary,36,14805,0.24,eci_table_10,9769949.0,160967157504.0,107,3.4,48.5,75.8,6999582.0,56.5,3.6847684670615987e-06,16475.741838979917,0.0024316109422492403,0.0015153610320790825,Stop torture and inhuman treatment at Europe’s borders
Republic of Ireland,91,9165,0.99,eci_table_10,5007069.0,388698711348.0,72,4.93,77.8,82.3,3133123.0,62.1,1.8174305167354395e-05,77629.9889911643,0.009929078014184398,0.0018304121632835497,Stop torture and inhuman treatment at Europe’s borders
Italy,16817,53580,31.39,eci_table_10,60297396.0,2001244392042.0,206,9.89,61.9,82.9,42651966.0,49.6,0.0002789009329689793,33189.56579886136,0.3138671145949981,0.0008885955871129162,Stop torture and inhuman treatment at Europe’s borders
Latvia,9,5640,0.16,eci_table_10,1912789.0,34117202555.0,30,6.52,88.1,74.7,1304943.0,61.4,4.70517134927062e-06,17836.364886560932,0.0015957446808510637,0.0029485740455429217,Stop torture and inhuman treatment at Europe’s borders
Lithuania,13,7755,0.17,eci_table_10,2786844.0,54219315600.0,43,6.35,72.4,75.7,1891013.0,61.6,4.664774921021772e-06,19455.45412660343,0.0016763378465506126,0.0027827176548095266,Stop torture and inhuman treatment at Europe’s borders
Luxembourg,47,4230,1.11,eci_table_10,645397.0,71104919108.0,242,5.36,19.2,82.1,565488.0,59.3,7.282339397301196e-05,110172.37314087298,0.011111111111111112,0.006554105457571077,Stop torture and inhuman treatment at Europe’s borders
Malta,15,4230,0.35,eci_table_10,502653.0,14786156563.0,1380,3.47,54.3,82.3,475902.0,56.5,2.9841660151237533e-05,29416.230606402427,0.0035460992907801418,0.008415348162648984,Stop torture and inhuman treatment at Europe’s borders
Netherlands,192,20445,0.94,eci_table_10,17332850.0,909070395161.0,508,3.2,85.0,81.8,15924729.0,63.6,1.1077231961275843e-05,52447.83143920359,0.009391049156272927,0.0011795521221264823,Stop torture and inhuman treatment at Europe’s borders
Poland,450,36660,1.23,eci_table_10,37970874.0,592164400688.0,124,3.47,67.8,77.6,22796574.0,56.7,1.1851188887566823e-05,15595.227033436207,0.012274959083469721,0.0009654768547071105,Stop torture and inhuman treatment at Europe’s borders
Portugal,106,14805,0.72,eci_table_10,10269417.0,237686075635.0,111,6.33,63.9,81.3,6753579.0,58.8,1.0321910192175466e-05,23145.04081731222,0.007159743329956096,0.0014416592490109224,Stop torture and inhuman treatment at Europe’s borders
Romania,59,23265,0.25,eci_table_10,19356544.0,250077444017.0,84,3.98,49.4,75.4,10468793.0,54.7,3.048064778505915e-06,12919.529644186483,0.0025359982806791317,0.0012019191029142393,Stop torture and inhuman treatment at Europe’s borders
Slovakia,10,9870,0.1,eci_table_10,5454073.0,105422304976.0,114,5.56,46.6,77.2,2930419.0,59.5,1.8334921443112331e-06,19329.0968008679,0.0010131712259371835,0.001809656746435187,Stop torture and inhuman treatment at Europe’s borders
Slovenia,126,5640,2.23,eci_table_10,2087946.0,53742159517.0,103,4.2,78.6,81.0,1144654.0,58.4,6.034638826866212e-05,25739.247814359183,0.022340425531914895,0.0027012192844067806,Stop torture and inhuman treatment at Europe’s borders
Spain,803,41595,1.93,eci_table_10,47076781.0,1394116310769.0,94,13.96,88.9,83.3,37927409.0,57.5,1.705724102079112e-05,29613.67113798626,0.01930520495251833,0.0008835565881193109,Stop torture and inhuman treatment at Europe’s borders
Sweden,59,14805,0.4,eci_table_10,10285453.0,530832908738.0,25,6.48,67.0,82.5,9021165.0,64.6,5.736256827968588e-06,51610.06605523354,0.003985140155352921,0.0014394115650521178,Stop torture and inhuman treatment at Europe’s borders
Austria,100,13395,0.75,eci_table_11,8877067.0,446314739528.0,109,4.67,85.1,81.6,5194416.0,60.7,1.1264982003628e-05,50277.27508736838,0.007465472191116088,0.0015089443393859706,Ensuring a dignified reception of migrants in Europe
Belgium,280,14805,1.89,eci_table_11,11484055.0,529606710418.0,383,5.59,79.7,81.6,11259082.0,53.6,2.4381631749412555e-05,46116.699233676605,0.018912529550827423,0.0012891787787501889,Ensuring a dignified reception of migrants in Europe
Bulgaria,21,11985,0.18,eci_table_11,6975761.0,86000000000.0,64,4.34,71.0,74.9,5256027.0,55.4,3.01042423901851e-06,12328.404026456756,0.0017521902377972466,0.001718092119268421,Ensuring a dignified reception of migrants in Europe
Croatia,16,8460,0.19,eci_table_11,4067500.0,60415553039.0,73,6.93,67.9,78.1,2328318.0,51.2,3.933620159803319e-06,14853.239837492318,0.0018912529550827422,0.002079901659496005,Ensuring a dignified reception of migrants in Europe
Cyprus,4,4230,0.09,eci_table_11,1198575.0,24564647935.0,131,7.27,75.9,80.8,800708.0,63.1,3.3372963727760048e-06,20494.87761299877,0.0009456264775413711,0.003529190914210625,Ensuring a dignified reception of migrants in Europe
Czech Republic,14,14805,0.09,eci_table_11,10669709.0,246489245495.0,139,1.93,64.1,79.0,7887156.0,60.6,1.3121257571317082e-06,23101.777704996453,0.0009456264775413711,0.0013875729881667814,Ensuring a dignified reception of migrants in Europe
Denmark,25,9870,0.25,eci_table_11,5818553.0,348078018464.0,137,4.91,80.6,81.0,5119978.0,62.2,4.2966008902900776e-06,59822.092960913134,0.0025329280648429585,0.0016962980314865225,Ensuring a dignified reception of migrants in Europe
Estonia,2,4935,0.04,eci_table_11,1331824.0,31386949981.0,31,5.11,69.6,78.2,916024.0,63.6,1.5016999243143239e-06,23566.890205462583,0.0004052684903748733,0.003705444563245594,Ensuring a dignified reception of migrants in Europe
Finland,62,9870,0.63,eci_table_11,5520314.0,268761201365.0,18,6.59,88.2,81.7,4716888.0,59.1,1.1231245179169156e-05,48685.853986747854,0.006281661600810537,0.0017879417728774124,Ensuring a dignified reception of migrants in Europe
France,12191,55695,21.89,eci_table_11,67059887.0,2715518274227.0,119,8.43,65.6,82.5,54123364.0,55.1,0.00018179273102562787,40493.9285720389,0.2188885896400036,0.0008305263025569965,Ensuring a dignified reception of migrants in Europe
Germany,862,67680,1.27,eci_table_11,83132799.0,3845630030824.0,240,3.04,70.2,80.9,64324835.0,60.8,1.0368951970449113e-05,46258.8782897109,0.012736406619385342,0.0008141191059860742,Ensuring a dignified reception of migrants in Europe
Greece,107,14805,0.72,eci_table_11,10716322.0,209852761469.0,81,17.24,136.6,81.3,8507474.0,51.8,9.984769028030326e-06,19582.53601086268,0.007227288078351908,0.0013815374342055044,Ensuring a dignified reception of migrants in Europe
Hungary,24,14805,0.16,eci_table_11,9769949.0,160967157504.0,107,3.4,48.5,75.8,6999582.0,56.5,2.456512311374399e-06,16475.741838979917,0.0016210739614994933,0.0015153610320790825,Ensuring a dignified reception of migrants in Europe
Republic of Ireland,55,9165,0.6,eci_table_11,5007069.0,388698711348.0,72,4.93,77.8,82.3,3133123.0,62.1,1.0984470156093314e-05,77629.9889911643,0.006001091107474086,0.0018304121632835497,Ensuring a dignified reception of migrants in Europe
Italy,969,53580,1.81,eci_table_11,60297396.0,2001244392042.0,206,9.89,61.9,82.9,42651966.0,49.6,1.6070345724382526e-05,33189.56579886136,0.018085106382978722,0.0008885955871129162,Ensuring a dignified reception of migrants in Europe
Latvia,2,5640,0.04,eci_table_11,1912789.0,34117202555.0,30,6.52,88.1,74.7,1304943.0,61.4,1.045593633171249e-06,17836.364886560932,0.0003546099290780142,0.0029485740455429217,Ensuring a dignified reception of migrants in Europe
Lithuania,11,7755,0.14,eci_table_11,2786844.0,54219315600.0,43,6.35,72.4,75.7,1891013.0,61.6,3.947117240864576e-06,19455.45412660343,0.0014184397163120568,0.0027827176548095266,Ensuring a dignified reception of migrants in Europe
Luxembourg,15,4230,0.35,eci_table_11,645397.0,71104919108.0,242,5.36,19.2,82.1,565488.0,59.3,2.3241508714791053e-05,110172.37314087298,0.0035460992907801418,0.006554105457571077,Ensuring a dignified reception of migrants in Europe
Malta,2,4230,0.05,eci_table_11,502653.0,14786156563.0,1380,3.47,54.3,82.3,475902.0,56.5,3.978888020165005e-06,29416.230606402427,0.00047281323877068556,0.008415348162648984,Ensuring a dignified reception of migrants in Europe
Netherlands,144,20445,0.7,eci_table_11,17332850.0,909070395161.0,508,3.2,85.0,81.8,15924729.0,63.6,8.307923970956883e-06,52447.83143920359,0.007043286867204695,0.0011795521221264823,Ensuring a dignified reception of migrants in Europe
Poland,123,36660,0.34,eci_table_11,37970874.0,592164400688.0,124,3.47,67.8,77.6,22796574.0,56.7,3.239324962601598e-06,15595.227033436207,0.0033551554828150573,0.0009654768547071105,Ensuring a dignified reception of migrants in Europe
Portugal,48,14805,0.32,eci_table_11,10269417.0,237686075635.0,111,6.33,63.9,81.3,6753579.0,58.8,4.674072539853041e-06,23145.04081731222,0.0032421479229989866,0.0014416592490109224,Ensuring a dignified reception of migrants in Europe
Romania,33,23265,0.14,eci_table_11,19356544.0,250077444017.0,84,3.98,49.4,75.4,10468793.0,54.7,1.7048497913677153e-06,12919.529644186483,0.0014184397163120568,0.0012019191029142393,Ensuring a dignified reception of migrants in Europe
Slovakia,14,9870,0.14,eci_table_11,5454073.0,105422304976.0,114,5.56,46.6,77.2,2930419.0,59.5,2.5668890020357262e-06,19329.0968008679,0.0014184397163120568,0.001809656746435187,Ensuring a dignified reception of migrants in Europe
Slovenia,6,5640,0.11,eci_table_11,2087946.0,53742159517.0,103,4.2,78.6,81.0,1144654.0,58.4,2.873637536602958e-06,25739.247814359183,0.0010638297872340426,0.0027012192844067806,Ensuring a dignified reception of migrants in Europe
Spain,200,41595,0.48,eci_table_11,47076781.0,1394116310769.0,94,13.96,88.9,83.3,37927409.0,57.5,4.24837883456815e-06,29613.67113798626,0.004808270224786633,0.0008835565881193109,Ensuring a dignified reception of migrants in Europe
Sweden,34,14805,0.23,eci_table_11,10285453.0,530832908738.0,25,6.48,67.0,82.5,9021165.0,64.6,3.3056395279818985e-06,51610.06605523354,0.002296521445457616,0.0014394115650521178,Ensuring a dignified reception of migrants in Europe
Austria,194,13395,1.45,eci_table_12,8877067.0,446314739528.0,109,4.67,85.1,81.6,5194416.0,60.7,2.185406508703832e-05,50277.27508736838,0.014483016050765211,0.0015089443393859706,End The Horse Slaughter Age
Belgium,182,14805,1.23,eci_table_12,11484055.0,529606710418.0,383,5.59,79.7,81.6,11259082.0,53.6,1.584806063711816e-05,46116.699233676605,0.012293144208037825,0.0012891787787501889,End The Horse Slaughter Age
Bulgaria,84,11985,0.7,eci_table_12,6975761.0,86000000000.0,64,4.34,71.0,74.9,5256027.0,55.4,1.204169695607404e-05,12328.404026456756,0.007008760951188986,0.001718092119268421,End The Horse Slaughter Age
Croatia,57,8460,0.67,eci_table_12,4067500.0,60415553039.0,73,6.93,67.9,78.1,2328318.0,51.2,1.4013521819299325e-05,14853.239837492318,0.00673758865248227,0.002079901659496005,End The Horse Slaughter Age
Cyprus,6,4230,0.14,eci_table_12,1198575.0,24564647935.0,131,7.27,75.9,80.8,800708.0,63.1,5.005944559164007e-06,20494.87761299877,0.0014184397163120568,0.003529190914210625,End The Horse Slaughter Age
Czech Republic,38,14805,0.26,eci_table_12,10669709.0,246489245495.0,139,1.93,64.1,79.0,7887156.0,60.6,3.561484197928922e-06,23101.777704996453,0.0025667004390408647,0.0013875729881667814,End The Horse Slaughter Age
Denmark,45,9870,0.46,eci_table_12,5818553.0,348078018464.0,137,4.91,80.6,81.0,5119978.0,62.2,7.733881602522139e-06,59822.092960913134,0.004559270516717325,0.0016962980314865225,End The Horse Slaughter Age
Estonia,8,4935,0.16,eci_table_12,1331824.0,31386949981.0,31,5.11,69.6,78.2,916024.0,63.6,6.0067996972572955e-06,23566.890205462583,0.0016210739614994933,0.003705444563245594,End The Horse Slaughter Age
Finland,81,9870,0.82,eci_table_12,5520314.0,268761201365.0,18,6.59,88.2,81.7,4716888.0,59.1,1.4673078379237123e-05,48685.853986747854,0.008206686930091186,0.0017879417728774124,End The Horse Slaughter Age
France,4130,55695,7.42,eci_table_12,67059887.0,2715518274227.0,119,8.43,65.6,82.5,54123364.0,55.1,6.158674260814069e-05,40493.9285720389,0.07415387377682019,0.0008305263025569965,End The Horse Slaughter Age
Germany,3312,67680,4.89,eci_table_12,83132799.0,3845630030824.0,240,3.04,70.2,80.9,64324835.0,60.8,3.9839871143999374e-05,46258.8782897109,0.04893617021276596,0.0008141191059860742,End The Horse Slaughter Age
Greece,119,14805,0.8,eci_table_12,10716322.0,209852761469.0,81,17.24,136.6,81.3,8507474.0,51.8,1.1104556208744007e-05,19582.53601086268,0.008037825059101654,0.0013815374342055044,End The Horse Slaughter Age
Hungary,42,14805,0.28,eci_table_12,9769949.0,160967157504.0,107,3.4,48.5,75.8,6999582.0,56.5,4.2988965449051985e-06,16475.741838979917,0.0028368794326241137,0.0015153610320790825,End The Horse Slaughter Age
Republic of Ireland,68,9165,0.74,eci_table_12,5007069.0,388698711348.0,72,4.93,77.8,82.3,3133123.0,62.1,1.3580799465715372e-05,77629.9889911643,0.007419530823786143,0.0018304121632835497,End The Horse Slaughter Age
Italy,1235,53580,2.3,eci_table_12,60297396.0,2001244392042.0,206,9.89,61.9,82.9,42651966.0,49.6,2.0481813178134593e-05,33189.56579886136,0.02304964539007092,0.0008885955871129162,End The Horse Slaughter Age
Latvia,12,5640,0.21,eci_table_12,1912789.0,34117202555.0,30,6.52,88.1,74.7,1304943.0,61.4,6.273561799027493e-06,17836.364886560932,0.002127659574468085,0.0029485740455429217,End The Horse Slaughter Age
Lithuania,1041,7755,13.42,eci_table_12,2786844.0,54219315600.0,43,6.35,72.4,75.7,1891013.0,61.6,0.0003735408225218204,19455.45412660343,0.13423597678916827,0.0027827176548095266,End The Horse Slaughter Age
Luxembourg,23,4230,0.54,eci_table_12,645397.0,71104919108.0,242,5.36,19.2,82.1,565488.0,59.3,3.563698002934628e-05,110172.37314087298,0.005437352245862884,0.006554105457571077,End The Horse Slaughter Age
Malta,13,4230,0.31,eci_table_12,502653.0,14786156563.0,1380,3.47,54.3,82.3,475902.0,56.5,2.586277213107253e-05,29416.230606402427,0.0030732860520094564,0.008415348162648984,End The Horse Slaughter Age
Netherlands,127,20445,0.62,eci_table_12,17332850.0,909070395161.0,508,3.2,85.0,81.8,15924729.0,63.6,7.3271273910522506e-06,52447.83143920359,0.006211787723159697,0.0011795521221264823,End The Horse Slaughter Age
Poland,3809,36660,10.39,eci_table_12,37970874.0,592164400688.0,124,3.47,67.8,77.6,22796574.0,56.7,0.00010031372993942673,15595.227033436207,0.10390070921985815,0.0009654768547071105,End The Horse Slaughter Age
Portugal,83,14805,0.56,eci_table_12,10269417.0,237686075635.0,111,6.33,63.9,81.3,6753579.0,58.8,8.082250433495884e-06,23145.04081731222,0.005606214116852415,0.0014416592490109224,End The Horse Slaughter Age
Romania,68,23265,0.29,eci_table_12,19356544.0,250077444017.0,84,3.98,49.4,75.4,10468793.0,54.7,3.513023812515292e-06,12919.529644186483,0.0029228454760369654,0.0012019191029142393,End The Horse Slaughter Age
Slovakia,70,9870,0.71,eci_table_12,5454073.0,105422304976.0,114,5.56,46.6,77.2,2930419.0,59.5,1.2834445010178632e-05,19329.0968008679,0.0070921985815602835,0.001809656746435187,End The Horse Slaughter Age
Slovenia,44,5640,0.78,eci_table_12,2087946.0,53742159517.0,103,4.2,78.6,81.0,1144654.0,58.4,2.107334193508836e-05,25739.247814359183,0.007801418439716312,0.0027012192844067806,End The Horse Slaughter Age
Spain,193,41595,0.46,eci_table_12,47076781.0,1394116310769.0,94,13.96,88.9,83.3,37927409.0,57.5,4.099685575358264e-06,29613.67113798626,0.0046399807669191,0.0008835565881193109,End The Horse Slaughter Age
Sweden,70,14805,0.47,eci_table_12,10285453.0,530832908738.0,25,6.48,67.0,82.5,9021165.0,64.6,6.805728439962732e-06,51610.06605523354,0.004728132387706856,0.0014394115650521178,End The Horse Slaughter Age
Austria,1133,13395,8.46,eci_table_13,8877067.0,446314739528.0,109,4.67,85.1,81.6,5194416.0,60.7,0.00012763224610110523,50277.27508736838,0.08458379992534527,0.0015089443393859706,Connecting European capitals via high-speed train network
Belgium,1336,14805,9.02,eci_table_13,11484055.0,529606710418.0,383,5.59,79.7,81.6,11259082.0,53.6,0.00011633521434719705,46116.699233676605,0.09023978385680513,0.0012891787787501889,Connecting European capitals via high-speed train network
Bulgaria,492,11985,4.11,eci_table_13,6975761.0,86000000000.0,64,4.34,71.0,74.9,5256027.0,55.4,7.052993931414795e-05,12328.404026456756,0.04105131414267835,0.001718092119268421,Connecting European capitals via high-speed train network
Croatia,798,8460,9.43,eci_table_13,4067500.0,60415553039.0,73,6.93,67.9,78.1,2328318.0,51.2,0.00019618930547019053,14853.239837492318,0.09432624113475177,0.002079901659496005,Connecting European capitals via high-speed train network
Cyprus,33,4230,0.78,eci_table_13,1198575.0,24564647935.0,131,7.27,75.9,80.8,800708.0,63.1,2.753269507540204e-05,20494.87761299877,0.007801418439716312,0.003529190914210625,Connecting European capitals via high-speed train network
Czech Republic,506,14805,3.42,eci_table_13,10669709.0,246489245495.0,139,1.93,64.1,79.0,7887156.0,60.6,4.742397379347459e-05,23101.777704996453,0.03417764268828099,0.0013875729881667814,Connecting European capitals via high-speed train network
Denmark,793,9870,8.03,eci_table_13,5818553.0,348078018464.0,137,4.91,80.6,81.0,5119978.0,62.2,0.00013628818024000126,59822.092960913134,0.08034447821681864,0.0016962980314865225,Connecting European capitals via high-speed train network
Estonia,179,4935,3.63,eci_table_13,1331824.0,31386949981.0,31,5.11,69.6,78.2,916024.0,63.6,0.00013440214322613198,23566.890205462583,0.03627152988855117,0.003705444563245594,Connecting European capitals via high-speed train network
Finland,703,9870,7.12,eci_table_13,5520314.0,268761201365.0,18,6.59,88.2,81.7,4716888.0,59.1,0.00012734782840251478,48685.853986747854,0.07122593718338399,0.0017879417728774124,Connecting European capitals via high-speed train network
France,3532,55695,6.34,eci_table_13,67059887.0,2715518274227.0,119,8.43,65.6,82.5,54123364.0,55.1,5.266934016754308e-05,40493.9285720389,0.06341682377233145,0.0008305263025569965,Connecting European capitals via high-speed train network
Germany,7966,67680,11.77,eci_table_13,83132799.0,3845630030824.0,240,3.04,70.2,80.9,64324835.0,60.8,9.582258862714342e-05,46258.8782897109,0.11770094562647754,0.0008141191059860742,Connecting European capitals via high-speed train network
Greece,413,14805,2.79,eci_table_13,10716322.0,209852761469.0,81,17.24,136.6,81.3,8507474.0,51.8,3.8539342136229204e-05,19582.53601086268,0.027895981087470448,0.0013815374342055044,Connecting European capitals via high-speed train network
Hungary,1056,14805,7.13,eci_table_13,9769949.0,160967157504.0,107,3.4,48.5,75.8,6999582.0,56.5,0.00010808654170047356,16475.741838979917,0.07132725430597771,0.0015153610320790825,Connecting European capitals via high-speed train network
Republic of Ireland,718,9165,7.83,eci_table_13,5007069.0,388698711348.0,72,4.93,77.8,82.3,3133123.0,62.1,0.0001433972649468182,77629.9889911643,0.07834151663938899,0.0018304121632835497,Connecting European capitals via high-speed train network
Italy,2197,53580,4.1,eci_table_13,60297396.0,2001244392042.0,206,9.89,61.9,82.9,42651966.0,49.6,3.6436067653734165e-05,33189.56579886136,0.04100410600970512,0.0008885955871129162,Connecting European capitals via high-speed train network
Latvia,110,5640,1.95,eci_table_13,1912789.0,34117202555.0,30,6.52,88.1,74.7,1304943.0,61.4,5.750764982441869e-05,17836.364886560932,0.01950354609929078,0.0029485740455429217,Connecting European capitals via high-speed train network
Lithuania,320,7755,4.13,eci_table_13,2786844.0,54219315600.0,43,6.35,72.4,75.7,1891013.0,61.6,0.00011482522882515132,19455.45412660343,0.041263700838168924,0.0027827176548095266,Connecting European capitals via high-speed train network
Luxembourg,115,4230,2.72,eci_table_13,645397.0,71104919108.0,242,5.36,19.2,82.1,565488.0,59.3,0.0001781849001467314,110172.37314087298,0.027186761229314422,0.006554105457571077,Connecting European capitals via high-speed train network
Malta,27,4230,0.64,eci_table_13,502653.0,14786156563.0,1380,3.47,54.3,82.3,475902.0,56.5,5.3714988272227564e-05,29416.230606402427,0.006382978723404255,0.008415348162648984,Connecting European capitals via high-speed train network
Netherlands,7137,20445,34.91,eci_table_13,17332850.0,909070395161.0,508,3.2,85.0,81.8,15924729.0,63.6,0.0004117614818105505,52447.83143920359,0.3490829053558327,0.0011795521221264823,Connecting European capitals via high-speed train network
Poland,2593,36660,7.07,eci_table_13,37970874.0,592164400688.0,124,3.47,67.8,77.6,22796574.0,56.7,6.82891839676906e-05,15595.227033436207,0.07073104200763775,0.0009654768547071105,Connecting European capitals via high-speed train network
Portugal,1322,14805,8.93,eci_table_13,10269417.0,237686075635.0,111,6.33,63.9,81.3,6753579.0,58.8,0.0001287317478684525,23145.04081731222,0.08929415737926376,0.0014416592490109224,Connecting European capitals via high-speed train network
Romania,3503,23265,15.06,eci_table_13,19356544.0,250077444017.0,84,3.98,49.4,75.4,10468793.0,54.7,0.00018097238845942747,12919.529644186483,0.15056952503761015,0.0012019191029142393,Connecting European capitals via high-speed train network
Slovakia,452,9870,4.58,eci_table_13,5454073.0,105422304976.0,114,5.56,46.6,77.2,2930419.0,59.5,8.287384492286773e-05,19329.0968008679,0.04579533941236069,0.001809656746435187,Connecting European capitals via high-speed train network
Slovenia,712,5640,12.62,eci_table_13,2087946.0,53742159517.0,103,4.2,78.6,81.0,1144654.0,58.4,0.00034100498767688435,25739.247814359183,0.12624113475177304,0.0027012192844067806,Connecting European capitals via high-speed train network
Spain,1277,41595,3.07,eci_table_13,47076781.0,1394116310769.0,94,13.96,88.9,83.3,37927409.0,57.5,2.7125898858717633e-05,29613.67113798626,0.030700805385262653,0.0008835565881193109,Connecting European capitals via high-speed train network
Sweden,1259,14805,8.5,eci_table_13,10285453.0,530832908738.0,25,6.48,67.0,82.5,9021165.0,64.6,0.0001224058872273297,51610.06605523354,0.0850388382303276,0.0014394115650521178,Connecting European capitals via high-speed train network
Austria,9,13395,0.07,eci_table_14,8877067.0,446314739528.0,109,4.67,85.1,81.6,5194416.0,60.7,1.01384838032652e-06,50277.27508736838,0.0006718924972004479,0.0015089443393859706,Implementation of the concept of judicial precedent
Belgium,15,14805,0.1,eci_table_14,11484055.0,529606710418.0,383,5.59,79.7,81.6,11259082.0,53.6,1.3061588437185298e-06,46116.699233676605,0.0010131712259371835,0.0012891787787501889,Implementation of the concept of judicial precedent
Bulgaria,5,11985,0.04,eci_table_14,6975761.0,86000000000.0,64,4.34,71.0,74.9,5256027.0,55.4,7.167676759567881e-07,12328.404026456756,0.00041718815185648727,0.001718092119268421,Implementation of the concept of judicial precedent
Croatia,2,8460,0.02,eci_table_14,4067500.0,60415553039.0,73,6.93,67.9,78.1,2328318.0,51.2,4.917025199754149e-07,14853.239837492318,0.00023640661938534278,0.002079901659496005,Implementation of the concept of judicial precedent
Cyprus,2,4230,0.05,eci_table_14,1198575.0,24564647935.0,131,7.27,75.9,80.8,800708.0,63.1,1.6686481863880024e-06,20494.87761299877,0.00047281323877068556,0.003529190914210625,Implementation of the concept of judicial precedent
Czech Republic,2,14805,0.01,eci_table_14,10669709.0,246489245495.0,139,1.93,64.1,79.0,7887156.0,60.6,1.8744653673310115e-07,23101.777704996453,0.00013508949679162446,0.0013875729881667814,Implementation of the concept of judicial precedent
Denmark,3,9870,0.03,eci_table_14,5818553.0,348078018464.0,137,4.91,80.6,81.0,5119978.0,62.2,5.155921068348092e-07,59822.092960913134,0.00030395136778115504,0.0016962980314865225,Implementation of the concept of judicial precedent
Estonia,1,4935,0.02,eci_table_14,1331824.0,31386949981.0,31,5.11,69.6,78.2,916024.0,63.6,7.508499621571619e-07,23566.890205462583,0.00020263424518743666,0.003705444563245594,Implementation of the concept of judicial precedent
Finland,4,9870,0.04,eci_table_14,5520314.0,268761201365.0,18,6.59,88.2,81.7,4716888.0,59.1,7.245964631722036e-07,48685.853986747854,0.0004052684903748733,0.0017879417728774124,Implementation of the concept of judicial precedent
France,34,55695,0.06,eci_table_14,67059887.0,2715518274227.0,119,8.43,65.6,82.5,54123364.0,55.1,5.070095033115699e-07,40493.9285720389,0.0006104677260077206,0.0008305263025569965,Implementation of the concept of judicial precedent
Germany,42,67680,0.06,eci_table_14,83132799.0,3845630030824.0,240,3.04,70.2,80.9,64324835.0,60.8,5.052157572608616e-07,46258.8782897109,0.0006205673758865249,0.0008141191059860742,Implementation of the concept of judicial precedent
Greece,8,14805,0.05,eci_table_14,10716322.0,209852761469.0,81,17.24,136.6,81.3,8507474.0,51.8,7.465247871424543e-07,19582.53601086268,0.0005403579871664978,0.0013815374342055044,Implementation of the concept of judicial precedent
Hungary,13,14805,0.09,eci_table_14,9769949.0,160967157504.0,107,3.4,48.5,75.8,6999582.0,56.5,1.3306108353277995e-06,16475.741838979917,0.0008780817291455589,0.0015153610320790825,Implementation of the concept of judicial precedent
Republic of Ireland,6,9165,0.07,eci_table_14,5007069.0,388698711348.0,72,4.93,77.8,82.3,3133123.0,62.1,1.19830583521018e-06,77629.9889911643,0.0006546644844517185,0.0018304121632835497,Implementation of the concept of judicial precedent
Italy,35,53580,0.07,eci_table_14,60297396.0,2001244392042.0,206,9.89,61.9,82.9,42651966.0,49.6,5.804562439147455e-07,33189.56579886136,0.0006532288167226577,0.0008885955871129162,Implementation of the concept of judicial precedent
Latvia,1,5640,0.02,eci_table_14,1912789.0,34117202555.0,30,6.52,88.1,74.7,1304943.0,61.4,5.227968165856245e-07,17836.364886560932,0.0001773049645390071,0.0029485740455429217,Implementation of the concept of judicial precedent
Lithuania,1,7755,0.01,eci_table_14,2786844.0,54219315600.0,43,6.35,72.4,75.7,1891013.0,61.6,3.5882884007859785e-07,19455.45412660343,0.0001289490651192779,0.0027827176548095266,Implementation of the concept of judicial precedent
Luxembourg,0,4230,0.0,eci_table_14,645397.0,71104919108.0,242,5.36,19.2,82.1,565488.0,59.3,0.0,110172.37314087298,0.0,0.006554105457571077,Implementation of the concept of judicial precedent
Malta,1,4230,0.02,eci_table_14,502653.0,14786156563.0,1380,3.47,54.3,82.3,475902.0,56.5,1.9894440100825024e-06,29416.230606402427,0.00023640661938534278,0.008415348162648984,Implementation of the concept of judicial precedent
Netherlands,6,20445,0.03,eci_table_14,17332850.0,909070395161.0,508,3.2,85.0,81.8,15924729.0,63.6,3.461634987898701e-07,52447.83143920359,0.000293470286133529,0.0011795521221264823,Implementation of the concept of judicial precedent
Poland,25,36660,0.07,eci_table_14,37970874.0,592164400688.0,124,3.47,67.8,77.6,22796574.0,56.7,6.583993826426012e-07,15595.227033436207,0.0006819421713038735,0.0009654768547071105,Implementation of the concept of judicial precedent
Portugal,8,14805,0.05,eci_table_14,10269417.0,237686075635.0,111,6.33,63.9,81.3,6753579.0,58.8,7.790120899755069e-07,23145.04081731222,0.0005403579871664978,0.0014416592490109224,Implementation of the concept of judicial precedent
Romania,48,23265,0.21,eci_table_14,19356544.0,250077444017.0,84,3.98,49.4,75.4,10468793.0,54.7,2.4797815147166767e-06,12919.529644186483,0.0020631850419084463,0.0012019191029142393,Implementation of the concept of judicial precedent
Slovakia,2,9870,0.02,eci_table_14,5454073.0,105422304976.0,114,5.56,46.6,77.2,2930419.0,59.5,3.666984288622466e-07,19329.0968008679,0.00020263424518743666,0.001809656746435187,Implementation of the concept of judicial precedent
Slovenia,3,5640,0.05,eci_table_14,2087946.0,53742159517.0,103,4.2,78.6,81.0,1144654.0,58.4,1.436818768301479e-06,25739.247814359183,0.0005319148936170213,0.0027012192844067806,Implementation of the concept of judicial precedent
Spain,13,41595,0.03,eci_table_14,47076781.0,1394116310769.0,94,13.96,88.9,83.3,37927409.0,57.5,2.761446242469297e-07,29613.67113798626,0.00031253756461113117,0.0008835565881193109,Implementation of the concept of judicial precedent
Sweden,2,14805,0.01,eci_table_14,10285453.0,530832908738.0,25,6.48,67.0,82.5,9021165.0,64.6,1.9444938399893519e-07,51610.06605523354,0.00013508949679162446,0.0014394115650521178,Implementation of the concept of judicial precedent
Austria,4286,13395,32.0,eci_table_15,8877067.0,446314739528.0,109,4.67,85.1,81.6,5194416.0,60.7,0.00048281712867549606,50277.27508736838,0.31997013811123554,0.0015089443393859706,Taxing wealth to finance ecological social transition
Belgium,13942,14805,94.17,eci_table_15,11484055.0,529606710418.0,383,5.59,79.7,81.6,11259082.0,53.6,0.0012140311066082495,46116.699233676605,0.9417088821344141,0.0012891787787501889,Taxing wealth to finance ecological social transition
Bulgaria,227,11985,1.89,eci_table_15,6975761.0,86000000000.0,64,4.34,71.0,74.9,5256027.0,55.4,3.2541252488438176e-05,12328.404026456756,0.018940342094284524,0.001718092119268421,Taxing wealth to finance ecological social transition
Croatia,424,8460,5.01,eci_table_15,4067500.0,60415553039.0,73,6.93,67.9,78.1,2328318.0,51.2,0.00010424093423478795,14853.239837492318,0.050118203309692674,0.002079901659496005,Taxing wealth to finance ecological social transition
Cyprus,113,4230,2.67,eci_table_15,1198575.0,24564647935.0,131,7.27,75.9,80.8,800708.0,63.1,9.427862253092214e-05,20494.87761299877,0.026713947990543736,0.003529190914210625,Taxing wealth to finance ecological social transition
Czech Republic,873,14805,5.9,eci_table_15,10669709.0,246489245495.0,139,1.93,64.1,79.0,7887156.0,60.6,8.182041328399866e-05,23101.777704996453,0.05896656534954407,0.0013875729881667814,Taxing wealth to finance ecological social transition
Denmark,10473,9870,106.11,eci_table_15,5818553.0,348078018464.0,137,4.91,80.6,81.0,5119978.0,62.2,0.001799932044960319,59822.092960913134,1.061094224924012,0.0016962980314865225,Taxing wealth to finance ecological social transition
Estonia,186,4935,3.77,eci_table_15,1331824.0,31386949981.0,31,5.11,69.6,78.2,916024.0,63.6,0.0001396580929612321,23566.890205462583,0.03768996960486322,0.003705444563245594,Taxing wealth to finance ecological social transition
Finland,3404,9870,34.49,eci_table_15,5520314.0,268761201365.0,18,6.59,88.2,81.7,4716888.0,59.1,0.0006166315901595452,48685.853986747854,0.34488348530901725,0.0017879417728774124,Taxing wealth to finance ecological social transition
France,111106,55695,199.49,eci_table_15,67059887.0,2715518274227.0,119,8.43,65.6,82.5,54123364.0,55.1,0.00165681758455692,40493.9285720389,1.9949007989945238,0.0008305263025569965,Taxing wealth to finance ecological social transition
Germany,110205,67680,162.83,eci_table_15,83132799.0,3845630030824.0,240,3.04,70.2,80.9,64324835.0,60.8,0.0013256500602126966,46258.8782897109,1.6283244680851063,0.0008141191059860742,Taxing wealth to finance ecological social transition
Greece,1619,14805,10.94,eci_table_15,10716322.0,209852761469.0,81,17.24,136.6,81.3,8507474.0,51.8,0.0001510779537979542,19582.53601086268,0.10935494765281999,0.0013815374342055044,Taxing wealth to finance ecological social transition
Hungary,1680,14805,11.35,eci_table_15,9769949.0,160967157504.0,107,3.4,48.5,75.8,6999582.0,56.5,0.00017195586179620794,16475.741838979917,0.11347517730496454,0.0015153610320790825,Taxing wealth to finance ecological social transition
Republic of Ireland,1451,9165,15.83,eci_table_15,5007069.0,388698711348.0,72,4.93,77.8,82.3,3133123.0,62.1,0.0002897902944816618,77629.9889911643,0.15831969448990726,0.0018304121632835497,Taxing wealth to finance ecological social transition
Italy,33665,53580,62.83,eci_table_15,60297396.0,2001244392042.0,206,9.89,61.9,82.9,42651966.0,49.6,0.000558315984325426,33189.56579886136,0.6283128032848078,0.0008885955871129162,Taxing wealth to finance ecological social transition
Latvia,182,5640,3.23,eci_table_15,1912789.0,34117202555.0,30,6.52,88.1,74.7,1304943.0,61.4,9.514902061858364e-05,17836.364886560932,0.03226950354609929,0.0029485740455429217,Taxing wealth to finance ecological social transition
Lithuania,260,7755,3.35,eci_table_15,2786844.0,54219315600.0,43,6.35,72.4,75.7,1891013.0,61.6,9.329549842043545e-05,19455.45412660343,0.03352675693101225,0.0027827176548095266,Taxing wealth to finance ecological social transition
Luxembourg,1256,4230,29.69,eci_table_15,645397.0,71104919108.0,242,5.36,19.2,82.1,565488.0,59.3,0.0019460889963851707,110172.37314087298,0.29692671394799053,0.006554105457571077,Taxing wealth to finance ecological social transition
Malta,64,4230,1.51,eci_table_15,502653.0,14786156563.0,1380,3.47,54.3,82.3,475902.0,56.5,0.00012732441664528016,29416.230606402427,0.015130023640661938,0.008415348162648984,Taxing wealth to finance ecological social transition
Netherlands,11078,20445,54.18,eci_table_15,17332850.0,909070395161.0,508,3.2,85.0,81.8,15924729.0,63.6,0.0006391332065990302,52447.83143920359,0.5418439716312057,0.0011795521221264823,Taxing wealth to finance ecological social transition
Poland,1691,36660,4.61,eci_table_15,37970874.0,592164400688.0,124,3.47,67.8,77.6,22796574.0,56.7,4.453413424194555e-05,15595.227033436207,0.046126568466994,0.0009654768547071105,Taxing wealth to finance ecological social transition
Portugal,1034,14805,6.98,eci_table_15,10269417.0,237686075635.0,111,6.33,63.9,81.3,6753579.0,58.8,0.00010068731262933427,23145.04081731222,0.06984126984126984,0.0014416592490109224,Taxing wealth to finance ecological social transition
Romania,1477,23265,6.35,eci_table_15,19356544.0,250077444017.0,84,3.98,49.4,75.4,10468793.0,54.7,7.630494369242774e-05,12919.529644186483,0.06348592306039115,0.0012019191029142393,Taxing wealth to finance ecological social transition
Slovakia,6620,9870,67.07,eci_table_15,5454073.0,105422304976.0,114,5.56,46.6,77.2,2930419.0,59.5,0.0012137717995340364,19329.0968008679,0.6707193515704154,0.001809656746435187,Taxing wealth to finance ecological social transition
Slovenia,1767,5640,31.33,eci_table_15,2087946.0,53742159517.0,103,4.2,78.6,81.0,1144654.0,58.4,0.0008462862545295712,25739.247814359183,0.31329787234042555,0.0027012192844067806,Taxing wealth to finance ecological social transition
Spain,29564,41595,71.08,eci_table_15,47076781.0,1394116310769.0,94,13.96,88.9,83.3,37927409.0,57.5,0.0006279953593258639,29613.67113798626,0.7107585046279601,0.0008835565881193109,Taxing wealth to finance ecological social transition
Sweden,8508,14805,57.47,eci_table_15,10285453.0,530832908738.0,25,6.48,67.0,82.5,9021165.0,64.6,0.0008271876795314703,51610.06605523354,0.5746707193515704,0.0014394115650521178,Taxing wealth to finance ecological social transition
Austria,54,13395,0.4,eci_table_16,8877067.0,446314739528.0,109,4.67,85.1,81.6,5194416.0,60.7,6.08309028195912e-06,50277.27508736838,0.004031354983202688,0.0015089443393859706,Development of Ukrainian culture
Belgium,48,14805,0.32,eci_table_16,11484055.0,529606710418.0,383,5.59,79.7,81.6,11259082.0,53.6,4.179708299899295e-06,46116.699233676605,0.0032421479229989866,0.0012891787787501889,Development of Ukrainian culture
Bulgaria,16,11985,0.13,eci_table_16,6975761.0,86000000000.0,64,4.34,71.0,74.9,5256027.0,55.4,2.293656563061722e-06,12328.404026456756,0.0013350020859407593,0.001718092119268421,Development of Ukrainian culture
Croatia,12,8460,0.14,eci_table_16,4067500.0,60415553039.0,73,6.93,67.9,78.1,2328318.0,51.2,2.950215119852489e-06,14853.239837492318,0.0014184397163120568,0.002079901659496005,Development of Ukrainian culture
Cyprus,9,4230,0.21,eci_table_16,1198575.0,24564647935.0,131,7.27,75.9,80.8,800708.0,63.1,7.508916838746011e-06,20494.87761299877,0.002127659574468085,0.003529190914210625,Development of Ukrainian culture
Czech Republic,15,14805,0.1,eci_table_16,10669709.0,246489245495.0,139,1.93,64.1,79.0,7887156.0,60.6,1.4058490254982587e-06,23101.777704996453,0.0010131712259371835,0.0013875729881667814,Development of Ukrainian culture
Denmark,14,9870,0.14,eci_table_16,5818553.0,348078018464.0,137,4.91,80.6,81.0,5119978.0,62.2,2.4060964985624434e-06,59822.092960913134,0.0014184397163120568,0.0016962980314865225,Development of Ukrainian culture
Estonia,8,4935,0.16,eci_table_16,1331824.0,31386949981.0,31,5.11,69.6,78.2,916024.0,63.6,6.0067996972572955e-06,23566.890205462583,0.0016210739614994933,0.003705444563245594,Development of Ukrainian culture
Finland,30,9870,0.3,eci_table_16,5520314.0,268761201365.0,18,6.59,88.2,81.7,4716888.0,59.1,5.434473473791527e-06,48685.853986747854,0.00303951367781155,0.0017879417728774124,Development of Ukrainian culture
France,148,55695,0.27,eci_table_16,67059887.0,2715518274227.0,119,8.43,65.6,82.5,54123364.0,55.1,2.2069825438268334e-06,40493.9285720389,0.002657330101445372,0.0008305263025569965,Development of Ukrainian culture
Germany,177,67680,0.26,eci_table_16,83132799.0,3845630030824.0,240,3.04,70.2,80.9,64324835.0,60.8,2.1291235484564885e-06,46258.8782897109,0.0026152482269503545,0.0008141191059860742,Development of Ukrainian culture
Greece,82,14805,0.55,eci_table_16,10716322.0,209852761469.0,81,17.24,136.6,81.3,8507474.0,51.8,7.651879068210157e-06,19582.53601086268,0.0055386693684566024,0.0013815374342055044,Development of Ukrainian culture
Hungary,30,14805,0.2,eci_table_16,9769949.0,160967157504.0,107,3.4,48.5,75.8,6999582.0,56.5,3.070640389217999e-06,16475.741838979917,0.002026342451874367,0.0015153610320790825,Development of Ukrainian culture
Republic of Ireland,31,9165,0.34,eci_table_16,5007069.0,388698711348.0,72,4.93,77.8,82.3,3133123.0,62.1,6.191246815252596e-06,77629.9889911643,0.0033824331696672124,0.0018304121632835497,Development of Ukrainian culture
Italy,120,53580,0.22,eci_table_16,60297396.0,2001244392042.0,206,9.89,61.9,82.9,42651966.0,49.6,1.9901356934219846e-06,33189.56579886136,0.0022396416573348264,0.0008885955871129162,Development of Ukrainian culture
Latvia,11,5640,0.2,eci_table_16,1912789.0,34117202555.0,30,6.52,88.1,74.7,1304943.0,61.4,5.750764982441869e-06,17836.364886560932,0.001950354609929078,0.0029485740455429217,Development of Ukrainian culture
Lithuania,16,7755,0.21,eci_table_16,2786844.0,54219315600.0,43,6.35,72.4,75.7,1891013.0,61.6,5.7412614412575655e-06,19455.45412660343,0.0020631850419084463,0.0027827176548095266,Development of Ukrainian culture
Luxembourg,1,4230,0.02,eci_table_16,645397.0,71104919108.0,242,5.36,19.2,82.1,565488.0,59.3,1.5494339143194033e-06,110172.37314087298,0.00023640661938534278,0.006554105457571077,Development of Ukrainian culture
Malta,3,4230,0.07,eci_table_16,502653.0,14786156563.0,1380,3.47,54.3,82.3,475902.0,56.5,5.968332030247507e-06,29416.230606402427,0.0007092198581560284,0.008415348162648984,Development of Ukrainian culture
Netherlands,59,20445,0.29,eci_table_16,17332850.0,909070395161.0,508,3.2,85.0,81.8,15924729.0,63.6,3.4039410714337225e-06,52447.83143920359,0.002885791146979702,0.0011795521221264823,Development of Ukrainian culture
Poland,64,36660,0.17,eci_table_16,37970874.0,592164400688.0,124,3.47,67.8,77.6,22796574.0,56.7,1.6855024195650593e-06,15595.227033436207,0.001745771958537916,0.0009654768547071105,Development of Ukrainian culture
Portugal,26,14805,0.18,eci_table_16,10269417.0,237686075635.0,111,6.33,63.9,81.3,6753579.0,58.8,2.5317892924203974e-06,23145.04081731222,0.0017561634582911178,0.0014416592490109224,Development of Ukrainian culture
Romania,32,23265,0.14,eci_table_16,19356544.0,250077444017.0,84,3.98,49.4,75.4,10468793.0,54.7,1.6531876764777845e-06,12919.529644186483,0.0013754566946056308,0.0012019191029142393,Development of Ukrainian culture
Slovakia,15,9870,0.15,eci_table_16,5454073.0,105422304976.0,114,5.56,46.6,77.2,2930419.0,59.5,2.7502382164668495e-06,19329.0968008679,0.001519756838905775,0.001809656746435187,Development of Ukrainian culture
Slovenia,5,5640,0.09,eci_table_16,2087946.0,53742159517.0,103,4.2,78.6,81.0,1144654.0,58.4,2.3946979471691317e-06,25739.247814359183,0.0008865248226950354,0.0027012192844067806,Development of Ukrainian culture
Spain,48,41595,0.12,eci_table_16,47076781.0,1394116310769.0,94,13.96,88.9,83.3,37927409.0,57.5,1.0196109202963558e-06,29613.67113798626,0.001153984853948792,0.0008835565881193109,Development of Ukrainian culture
Sweden,21,14805,0.14,eci_table_16,10285453.0,530832908738.0,25,6.48,67.0,82.5,9021165.0,64.6,2.0417185319888193e-06,51610.06605523354,0.0014184397163120568,0.0014394115650521178,Development of Ukrainian culture
Austria,173,13395,1.29,eci_table_17,8877067.0,446314739528.0,109,4.67,85.1,81.6,5194416.0,60.7,1.948841886627644e-05,50277.27508736838,0.012915266890630833,0.0015089443393859706,EU Live Bus Stop Info
Belgium,108,14805,0.73,eci_table_17,11484055.0,529606710418.0,383,5.59,79.7,81.6,11259082.0,53.6,9.404343674773414e-06,46116.699233676605,0.00729483282674772,0.0012891787787501889,EU Live Bus Stop Info
Bulgaria,49,11985,0.41,eci_table_17,6975761.0,86000000000.0,64,4.34,71.0,74.9,5256027.0,55.4,7.024323224376523e-06,12328.404026456756,0.004088443888193575,0.001718092119268421,EU Live Bus Stop Info
Croatia,60,8460,0.71,eci_table_17,4067500.0,60415553039.0,73,6.93,67.9,78.1,2328318.0,51.2,1.4751075599262446e-05,14853.239837492318,0.0070921985815602835,0.002079901659496005,EU Live Bus Stop Info
Cyprus,29,4230,0.69,eci_table_17,1198575.0,24564647935.0,131,7.27,75.9,80.8,800708.0,63.1,2.4195398702626034e-05,20494.87761299877,0.006855791962174941,0.003529190914210625,EU Live Bus Stop Info
Czech Republic,52,14805,0.35,eci_table_17,10669709.0,246489245495.0,139,1.93,64.1,79.0,7887156.0,60.6,4.87360995506063e-06,23101.777704996453,0.0035123269165822355,0.0013875729881667814,EU Live Bus Stop Info
Denmark,27,9870,0.27,eci_table_17,5818553.0,348078018464.0,137,4.91,80.6,81.0,5119978.0,62.2,4.640328961513283e-06,59822.092960913134,0.002735562310030395,0.0016962980314865225,EU Live Bus Stop Info
Estonia,16,4935,0.32,eci_table_17,1331824.0,31386949981.0,31,5.11,69.6,78.2,916024.0,63.6,1.2013599394514591e-05,23566.890205462583,0.0032421479229989866,0.003705444563245594,EU Live Bus Stop Info
Finland,59,9870,0.6,eci_table_17,5520314.0,268761201365.0,18,6.59,88.2,81.7,4716888.0,59.1,1.0687797831790003e-05,48685.853986747854,0.005977710233029382,0.0017879417728774124,EU Live Bus Stop Info
France,162,55695,0.29,eci_table_17,67059887.0,2715518274227.0,119,8.43,65.6,82.5,54123364.0,55.1,2.41575116283748e-06,40493.9285720389,0.00290869916509561,0.0008305263025569965,EU Live Bus Stop Info
Germany,592,67680,0.87,eci_table_17,83132799.0,3845630030824.0,240,3.04,70.2,80.9,64324835.0,60.8,7.121136388057859e-06,46258.8782897109,0.008747044917257684,0.0008141191059860742,EU Live Bus Stop Info
Greece,77,14805,0.52,eci_table_17,10716322.0,209852761469.0,81,17.24,136.6,81.3,8507474.0,51.8,7.185301076246122e-06,19582.53601086268,0.005200945626477541,0.0013815374342055044,EU Live Bus Stop Info
Hungary,64,14805,0.43,eci_table_17,9769949.0,160967157504.0,107,3.4,48.5,75.8,6999582.0,56.5,6.550699496998398e-06,16475.741838979917,0.004322863897331983,0.0015153610320790825,EU Live Bus Stop Info
Republic of Ireland,55,9165,0.6,eci_table_17,5007069.0,388698711348.0,72,4.93,77.8,82.3,3133123.0,62.1,1.0984470156093314e-05,77629.9889911643,0.006001091107474086,0.0018304121632835497,EU Live Bus Stop Info
Italy,1011,53580,1.89,eci_table_17,60297396.0,2001244392042.0,206,9.89,61.9,82.9,42651966.0,49.6,1.676689321708022e-05,33189.56579886136,0.018868980963045914,0.0008885955871129162,EU Live Bus Stop Info
Latvia,21,5640,0.37,eci_table_17,1912789.0,34117202555.0,30,6.52,88.1,74.7,1304943.0,61.4,1.0978733148298114e-05,17836.364886560932,0.003723404255319149,0.0029485740455429217,EU Live Bus Stop Info
Lithuania,22,7755,0.28,eci_table_17,2786844.0,54219315600.0,43,6.35,72.4,75.7,1891013.0,61.6,7.894234481729153e-06,19455.45412660343,0.0028368794326241137,0.0027827176548095266,EU Live Bus Stop Info
Luxembourg,9,4230,0.21,eci_table_17,645397.0,71104919108.0,242,5.36,19.2,82.1,565488.0,59.3,1.3944905228874631e-05,110172.37314087298,0.002127659574468085,0.006554105457571077,EU Live Bus Stop Info
Malta,5,4230,0.12,eci_table_17,502653.0,14786156563.0,1380,3.47,54.3,82.3,475902.0,56.5,9.947220050412511e-06,29416.230606402427,0.001182033096926714,0.008415348162648984,EU Live Bus Stop Info
Netherlands,121,20445,0.59,eci_table_17,17332850.0,909070395161.0,508,3.2,85.0,81.8,15924729.0,63.6,6.980963892262381e-06,52447.83143920359,0.005918317437026168,0.0011795521221264823,EU Live Bus Stop Info
Poland,227,36660,0.62,eci_table_17,37970874.0,592164400688.0,124,3.47,67.8,77.6,22796574.0,56.7,5.97826639439482e-06,15595.227033436207,0.0061920349154391706,0.0009654768547071105,EU Live Bus Stop Info
Portugal,100,14805,0.68,eci_table_17,10269417.0,237686075635.0,111,6.33,63.9,81.3,6753579.0,58.8,9.737651124693835e-06,23145.04081731222,0.006754474839581222,0.0014416592490109224,EU Live Bus Stop Info
Romania,197,23265,0.85,eci_table_17,19356544.0,250077444017.0,84,3.98,49.4,75.4,10468793.0,54.7,1.017743663331636e-05,12919.529644186483,0.008467655276165914,0.0012019191029142393,EU Live Bus Stop Info
Slovakia,28,9870,0.28,eci_table_17,5454073.0,105422304976.0,114,5.56,46.6,77.2,2930419.0,59.5,5.1337780040714524e-06,19329.0968008679,0.0028368794326241137,0.001809656746435187,EU Live Bus Stop Info
Slovenia,41,5640,0.73,eci_table_17,2087946.0,53742159517.0,103,4.2,78.6,81.0,1144654.0,58.4,1.963652316678688e-05,25739.247814359183,0.007269503546099291,0.0027012192844067806,EU Live Bus Stop Info
Spain,391,41595,0.94,eci_table_17,47076781.0,1394116310769.0,94,13.96,88.9,83.3,37927409.0,57.5,8.305580621580731e-06,29613.67113798626,0.009400168289457868,0.0008835565881193109,EU Live Bus Stop Info
Sweden,50,14805,0.34,eci_table_17,10285453.0,530832908738.0,25,6.48,67.0,82.5,9021165.0,64.6,4.86123459997338e-06,51610.06605523354,0.003377237419790611,0.0014394115650521178,EU Live Bus Stop Info
Austria,218,13395,1.63,eci_table_18,8877067.0,446314739528.0,109,4.67,85.1,81.6,5194416.0,60.7,2.455766076790904e-05,50277.27508736838,0.016274729376633074,0.0015089443393859706,Trust and Freedom
Belgium,392,14805,2.65,eci_table_18,11484055.0,529606710418.0,383,5.59,79.7,81.6,11259082.0,53.6,3.413428444917758e-05,46116.699233676605,0.026477541371158392,0.0012891787787501889,Trust and Freedom
Bulgaria,1961,11985,16.36,eci_table_18,6975761.0,86000000000.0,64,4.34,71.0,74.9,5256027.0,55.4,0.00028111628251025226,12328.404026456756,0.1636211931581143,0.001718092119268421,Trust and Freedom
Croatia,294,8460,3.48,eci_table_18,4067500.0,60415553039.0,73,6.93,67.9,78.1,2328318.0,51.2,7.228027043638599e-05,14853.239837492318,0.03475177304964539,0.002079901659496005,Trust and Freedom
Cyprus,101,4230,2.39,eci_table_18,1198575.0,24564647935.0,131,7.27,75.9,80.8,800708.0,63.1,8.426673341259412e-05,20494.87761299877,0.02387706855791962,0.003529190914210625,Trust and Freedom
Czech Republic,1172,14805,7.92,eci_table_18,10669709.0,246489245495.0,139,1.93,64.1,79.0,7887156.0,60.6,0.00010984367052559727,23101.777704996453,0.07916244511989193,0.0013875729881667814,Trust and Freedom
Denmark,178,9870,1.8,eci_table_18,5818553.0,348078018464.0,137,4.91,80.6,81.0,5119978.0,62.2,3.059179833886535e-05,59822.092960913134,0.018034447821681863,0.0016962980314865225,Trust and Freedom
Estonia,113,4935,2.29,eci_table_18,1331824.0,31386949981.0,31,5.11,69.6,78.2,916024.0,63.6,8.48460457237593e-05,23566.890205462583,0.022897669706180346,0.003705444563245594,Trust and Freedom
Finland,144,9870,1.46,eci_table_18,5520314.0,268761201365.0,18,6.59,88.2,81.7,4716888.0,59.1,2.608547267419933e-05,48685.853986747854,0.01458966565349544,0.0017879417728774124,Trust and Freedom
France,2940,55695,5.28,eci_table_18,67059887.0,2715518274227.0,119,8.43,65.6,82.5,54123364.0,55.1,4.384140999223575e-05,40493.9285720389,0.05278750336654996,0.0008305263025569965,Trust and Freedom
Germany,1697,67680,2.51,eci_table_18,83132799.0,3845630030824.0,240,3.04,70.2,80.9,64324835.0,60.8,2.04131223826591e-05,46258.8782897109,0.02507387706855792,0.0008141191059860742,Trust and Freedom
Greece,1408,14805,9.51,eci_table_18,10716322.0,209852761469.0,81,17.24,136.6,81.3,8507474.0,51.8,0.00013138836253707195,19582.53601086268,0.09510300574130362,0.0013815374342055044,Trust and Freedom
Hungary,93,14805,0.63,eci_table_18,9769949.0,160967157504.0,107,3.4,48.5,75.8,6999582.0,56.5,9.518985206575797e-06,16475.741838979917,0.006281661600810537,0.0015153610320790825,Trust and Freedom
Republic of Ireland,188,9165,2.05,eci_table_18,5007069.0,388698711348.0,72,4.93,77.8,82.3,3133123.0,62.1,3.754691616991897e-05,77629.9889911643,0.020512820512820513,0.0018304121632835497,Trust and Freedom
Italy,699,53580,1.3,eci_table_18,60297396.0,2001244392042.0,206,9.89,61.9,82.9,42651966.0,49.6,1.159254041418306e-05,33189.56579886136,0.013045912653975363,0.0008885955871129162,Trust and Freedom
Latvia,10,5640,0.18,eci_table_18,1912789.0,34117202555.0,30,6.52,88.1,74.7,1304943.0,61.4,5.227968165856245e-06,17836.364886560932,0.0017730496453900709,0.0029485740455429217,Trust and Freedom
Lithuania,24,7755,0.31,eci_table_18,2786844.0,54219315600.0,43,6.35,72.4,75.7,1891013.0,61.6,8.61189216188635e-06,19455.45412660343,0.003094777562862669,0.0027827176548095266,Trust and Freedom
Luxembourg,60,4230,1.42,eci_table_18,645397.0,71104919108.0,242,5.36,19.2,82.1,565488.0,59.3,9.296603485916421e-05,110172.37314087298,0.014184397163120567,0.006554105457571077,Trust and Freedom
Malta,41,4230,0.97,eci_table_18,502653.0,14786156563.0,1380,3.47,54.3,82.3,475902.0,56.5,8.15672044133826e-05,29416.230606402427,0.009692671394799054,0.008415348162648984,Trust and Freedom
Netherlands,354,20445,1.73,eci_table_18,17332850.0,909070395161.0,508,3.2,85.0,81.8,15924729.0,63.6,2.0423646428602335e-05,52447.83143920359,0.017314746881878208,0.0011795521221264823,Trust and Freedom
Poland,5960,36660,16.26,eci_table_18,37970874.0,592164400688.0,124,3.47,67.8,77.6,22796574.0,56.7,0.00015696241282199614,15595.227033436207,0.1625750136388434,0.0009654768547071105,Trust and Freedom
Portugal,519,14805,3.51,eci_table_18,10269417.0,237686075635.0,111,6.33,63.9,81.3,6753579.0,58.8,5.053840933716101e-05,23145.04081731222,0.03505572441742655,0.0014416592490109224,Trust and Freedom
Romania,103,23265,0.44,eci_table_18,19356544.0,250077444017.0,84,3.98,49.4,75.4,10468793.0,54.7,5.3211978336628686e-06,12919.529644186483,0.004427251235761874,0.0012019191029142393,Trust and Freedom
Slovakia,1986,9870,20.12,eci_table_18,5454073.0,105422304976.0,114,5.56,46.6,77.2,2930419.0,59.5,0.0003641315398602109,19329.0968008679,0.2012158054711246,0.001809656746435187,Trust and Freedom
Slovenia,833,5640,14.77,eci_table_18,2087946.0,53742159517.0,103,4.2,78.6,81.0,1144654.0,58.4,0.00039895667799837734,25739.247814359183,0.1476950354609929,0.0027012192844067806,Trust and Freedom
Spain,727,41595,1.75,eci_table_18,47076781.0,1394116310769.0,94,13.96,88.9,83.3,37927409.0,57.5,1.5442857063655224e-05,29613.67113798626,0.01747806226709941,0.0008835565881193109,Trust and Freedom
Sweden,256,14805,1.73,eci_table_18,10285453.0,530832908738.0,25,6.48,67.0,82.5,9021165.0,64.6,2.4889521151863704e-05,51610.06605523354,0.01729145558932793,0.0014394115650521178,Trust and Freedom
Austria,295,13395,2.2,eci_table_19,8877067.0,446314739528.0,109,4.67,85.1,81.6,5194416.0,60.7,3.32316969107026e-05,50277.27508736838,0.02202314296379246,0.0015089443393859706,Creation of a European Environment Authority
Belgium,213,14805,1.44,eci_table_19,11484055.0,529606710418.0,383,5.59,79.7,81.6,11259082.0,53.6,1.854745558080312e-05,46116.699233676605,0.014387031408308004,0.0012891787787501889,Creation of a European Environment Authority
Bulgaria,22,11985,0.18,eci_table_19,6975761.0,86000000000.0,64,4.34,71.0,74.9,5256027.0,55.4,3.1537777742098675e-06,12328.404026456756,0.001835627868168544,0.001718092119268421,Creation of a European Environment Authority
Croatia,32,8460,0.38,eci_table_19,4067500.0,60415553039.0,73,6.93,67.9,78.1,2328318.0,51.2,7.867240319606638e-06,14853.239837492318,0.0037825059101654845,0.002079901659496005,Creation of a European Environment Authority
Cyprus,10,4230,0.24,eci_table_19,1198575.0,24564647935.0,131,7.27,75.9,80.8,800708.0,63.1,8.343240931940012e-06,20494.87761299877,0.002364066193853428,0.003529190914210625,Creation of a European Environment Authority
Czech Republic,36,14805,0.24,eci_table_19,10669709.0,246489245495.0,139,1.93,64.1,79.0,7887156.0,60.6,3.374037661195821e-06,23101.777704996453,0.0024316109422492403,0.0013875729881667814,Creation of a European Environment Authority
Denmark,39,9870,0.4,eci_table_19,5818553.0,348078018464.0,137,4.91,80.6,81.0,5119978.0,62.2,6.7026973888525205e-06,59822.092960913134,0.003951367781155016,0.0016962980314865225,Creation of a European Environment Authority
Estonia,6,4935,0.12,eci_table_19,1331824.0,31386949981.0,31,5.11,69.6,78.2,916024.0,63.6,4.505099772942971e-06,23566.890205462583,0.0012158054711246201,0.003705444563245594,Creation of a European Environment Authority
Finland,107,9870,1.08,eci_table_19,5520314.0,268761201365.0,18,6.59,88.2,81.7,4716888.0,59.1,1.9382955389856446e-05,48685.853986747854,0.010840932117527862,0.0017879417728774124,Creation of a European Environment Authority
France,689,55695,1.24,eci_table_19,67059887.0,2715518274227.0,119,8.43,65.6,82.5,54123364.0,55.1,1.0274398464166812e-05,40493.9285720389,0.01237094891821528,0.0008305263025569965,Creation of a European Environment Authority
Germany,811,67680,1.2,eci_table_19,83132799.0,3845630030824.0,240,3.04,70.2,80.9,64324835.0,60.8,9.755475693775209e-06,46258.8782897109,0.011982860520094563,0.0008141191059860742,Creation of a European Environment Authority
Greece,95,14805,0.64,eci_table_19,10716322.0,209852761469.0,81,17.24,136.6,81.3,8507474.0,51.8,8.864981847316644e-06,19582.53601086268,0.006416751097602162,0.0013815374342055044,Creation of a European Environment Authority
Hungary,10701,14805,72.28,eci_table_19,9769949.0,160967157504.0,107,3.4,48.5,75.8,6999582.0,56.5,0.0010952974268340601,16475.741838979917,0.7227963525835867,0.0015153610320790825,Creation of a European Environment Authority
Republic of Ireland,40,9165,0.44,eci_table_19,5007069.0,388698711348.0,72,4.93,77.8,82.3,3133123.0,62.1,7.988705568067866e-06,77629.9889911643,0.00436442989634479,0.0018304121632835497,Creation of a European Environment Authority
Italy,597,53580,1.11,eci_table_19,60297396.0,2001244392042.0,206,9.89,61.9,82.9,42651966.0,49.6,9.900925074774373e-06,33189.56579886136,0.011142217245240761,0.0008885955871129162,Creation of a European Environment Authority
Latvia,5,5640,0.09,eci_table_19,1912789.0,34117202555.0,30,6.52,88.1,74.7,1304943.0,61.4,2.6139840829281223e-06,17836.364886560932,0.0008865248226950354,0.0029485740455429217,Creation of a European Environment Authority
Lithuania,18,7755,0.23,eci_table_19,2786844.0,54219315600.0,43,6.35,72.4,75.7,1891013.0,61.6,6.458919121414762e-06,19455.45412660343,0.0023210831721470018,0.0027827176548095266,Creation of a European Environment Authority
Luxembourg,11,4230,0.26,eci_table_19,645397.0,71104919108.0,242,5.36,19.2,82.1,565488.0,59.3,1.7043773057513436e-05,110172.37314087298,0.0026004728132387705,0.006554105457571077,Creation of a European Environment Authority
Malta,8,4230,0.19,eci_table_19,502653.0,14786156563.0,1380,3.47,54.3,82.3,475902.0,56.5,1.591555208066002e-05,29416.230606402427,0.0018912529550827422,0.008415348162648984,Creation of a European Environment Authority
Netherlands,238,20445,1.16,eci_table_19,17332850.0,909070395161.0,508,3.2,85.0,81.8,15924729.0,63.6,1.3731152118664847e-05,52447.83143920359,0.011640988016629984,0.0011795521221264823,Creation of a European Environment Authority
Poland,113,36660,0.31,eci_table_19,37970874.0,592164400688.0,124,3.47,67.8,77.6,22796574.0,56.7,2.9759652095445578e-06,15595.227033436207,0.0030823786142935078,0.0009654768547071105,Creation of a European Environment Authority
Portugal,124,14805,0.84,eci_table_19,10269417.0,237686075635.0,111,6.33,63.9,81.3,6753579.0,58.8,1.2074687394620357e-05,23145.04081731222,0.008375548801080716,0.0014416592490109224,Creation of a European Environment Authority
Romania,129,23265,0.55,eci_table_19,19356544.0,250077444017.0,84,3.98,49.4,75.4,10468793.0,54.7,6.664412820801068e-06,12919.529644186483,0.005544809800128949,0.0012019191029142393,Creation of a European Environment Authority
Slovakia,38,9870,0.39,eci_table_19,5454073.0,105422304976.0,114,5.56,46.6,77.2,2930419.0,59.5,6.967270148382686e-06,19329.0968008679,0.003850050658561297,0.001809656746435187,Creation of a European Environment Authority
Slovenia,37,5640,0.66,eci_table_19,2087946.0,53742159517.0,103,4.2,78.6,81.0,1144654.0,58.4,1.7720764809051576e-05,25739.247814359183,0.006560283687943262,0.0027012192844067806,Creation of a European Environment Authority
Spain,272,41595,0.65,eci_table_19,47076781.0,1394116310769.0,94,13.96,88.9,83.3,37927409.0,57.5,5.7777952150126836e-06,29613.67113798626,0.006539247505709821,0.0008835565881193109,Creation of a European Environment Authority
Sweden,78,14805,0.53,eci_table_19,10285453.0,530832908738.0,25,6.48,67.0,82.5,9021165.0,64.6,7.583525975958472e-06,51610.06605523354,0.0052684903748733535,0.0014394115650521178,Creation of a European Environment Authority
Austria,36,13395,0.27,eci_table_20,8877067.0,446314739528.0,109,4.67,85.1,81.6,5194416.0,60.7,4.05539352130608e-06,50277.27508736838,0.0026875699888017916,0.0015089443393859706,Win It On The Pitch
Belgium,60,14805,0.41,eci_table_20,11484055.0,529606710418.0,383,5.59,79.7,81.6,11259082.0,53.6,5.224635374874119e-06,46116.699233676605,0.004052684903748734,0.0012891787787501889,Win It On The Pitch
Bulgaria,9,11985,0.08,eci_table_20,6975761.0,86000000000.0,64,4.34,71.0,74.9,5256027.0,55.4,1.2901818167222185e-06,12328.404026456756,0.000750938673341677,0.001718092119268421,Win It On The Pitch
Croatia,140,8460,1.65,eci_table_20,4067500.0,60415553039.0,73,6.93,67.9,78.1,2328318.0,51.2,3.4419176398279044e-05,14853.239837492318,0.016548463356973995,0.002079901659496005,Win It On The Pitch
Cyprus,0,4230,0.0,eci_table_20,1198575.0,24564647935.0,131,7.27,75.9,80.8,800708.0,63.1,0.0,20494.87761299877,0.0,0.003529190914210625,Win It On The Pitch
Czech Republic,107,14805,0.72,eci_table_20,10669709.0,246489245495.0,139,1.93,64.1,79.0,7887156.0,60.6,1.0028389715220913e-05,23101.777704996453,0.007227288078351908,0.0013875729881667814,Win It On The Pitch
Denmark,46,9870,0.47,eci_table_20,5818553.0,348078018464.0,137,4.91,80.6,81.0,5119978.0,62.2,7.905745638133742e-06,59822.092960913134,0.004660587639311043,0.0016962980314865225,Win It On The Pitch
Estonia,1,4935,0.02,eci_table_20,1331824.0,31386949981.0,31,5.11,69.6,78.2,916024.0,63.6,7.508499621571619e-07,23566.890205462583,0.00020263424518743666,0.003705444563245594,Win It On The Pitch
Finland,175,9870,1.77,eci_table_20,5520314.0,268761201365.0,18,6.59,88.2,81.7,4716888.0,59.1,3.170109526378391e-05,48685.853986747854,0.01773049645390071,0.0017879417728774124,Win It On The Pitch
France,1159,55695,2.08,eci_table_20,67059887.0,2715518274227.0,119,8.43,65.6,82.5,54123364.0,55.1,1.7283059245238514e-05,40493.9285720389,0.020809767483616123,0.0008305263025569965,Win It On The Pitch
Germany,514,67680,0.76,eci_table_20,83132799.0,3845630030824.0,240,3.04,70.2,80.9,64324835.0,60.8,6.18287855314483e-06,46258.8782897109,0.007594562647754137,0.0008141191059860742,Win It On The Pitch
Greece,14,14805,0.09,eci_table_20,10716322.0,209852761469.0,81,17.24,136.6,81.3,8507474.0,51.8,1.306418377499295e-06,19582.53601086268,0.0009456264775413711,0.0013815374342055044,Win It On The Pitch
Hungary,7,14805,0.05,eci_table_20,9769949.0,160967157504.0,107,3.4,48.5,75.8,6999582.0,56.5,7.164827574841998e-07,16475.741838979917,0.00047281323877068556,0.0015153610320790825,Win It On The Pitch
Republic of Ireland,149,9165,1.63,eci_table_20,5007069.0,388698711348.0,72,4.93,77.8,82.3,3133123.0,62.1,2.97579282410528e-05,77629.9889911643,0.016257501363884343,0.0018304121632835497,Win It On The Pitch
Italy,183,53580,0.34,eci_table_20,60297396.0,2001244392042.0,206,9.89,61.9,82.9,42651966.0,49.6,3.0349569324685263e-06,33189.56579886136,0.00341545352743561,0.0008885955871129162,Win It On The Pitch
Latvia,10,5640,0.18,eci_table_20,1912789.0,34117202555.0,30,6.52,88.1,74.7,1304943.0,61.4,5.227968165856245e-06,17836.364886560932,0.0017730496453900709,0.0029485740455429217,Win It On The Pitch
Lithuania,7,7755,0.09,eci_table_20,2786844.0,54219315600.0,43,6.35,72.4,75.7,1891013.0,61.6,2.511801880550185e-06,19455.45412660343,0.0009026434558349452,0.0027827176548095266,Win It On The Pitch
Luxembourg,7,4230,0.17,eci_table_20,645397.0,71104919108.0,242,5.36,19.2,82.1,565488.0,59.3,1.0846037400235824e-05,110172.37314087298,0.0016548463356973995,0.006554105457571077,Win It On The Pitch
Malta,9,4230,0.21,eci_table_20,502653.0,14786156563.0,1380,3.47,54.3,82.3,475902.0,56.5,1.790499609074252e-05,29416.230606402427,0.002127659574468085,0.008415348162648984,Win It On The Pitch
Netherlands,43,20445,0.21,eci_table_20,17332850.0,909070395161.0,508,3.2,85.0,81.8,15924729.0,63.6,2.480838407994069e-06,52447.83143920359,0.002103203717290291,0.0011795521221264823,Win It On The Pitch
Poland,9,36660,0.02,eci_table_20,37970874.0,592164400688.0,124,3.47,67.8,77.6,22796574.0,56.7,2.3702377775133647e-07,15595.227033436207,0.0002454991816693944,0.0009654768547071105,Win It On The Pitch
Portugal,49,14805,0.33,eci_table_20,10269417.0,237686075635.0,111,6.33,63.9,81.3,6753579.0,58.8,4.7714490510999794e-06,23145.04081731222,0.003309692671394799,0.0014416592490109224,Win It On The Pitch
Romania,89,23265,0.38,eci_table_20,19356544.0,250077444017.0,84,3.98,49.4,75.4,10468793.0,54.7,4.597928225203838e-06,12919.529644186483,0.0038254889318719105,0.0012019191029142393,Win It On The Pitch
Slovakia,4,9870,0.04,eci_table_20,5454073.0,105422304976.0,114,5.56,46.6,77.2,2930419.0,59.5,7.333968577244932e-07,19329.0968008679,0.0004052684903748733,0.001809656746435187,Win It On The Pitch
Slovenia,107,5640,1.9,eci_table_20,2087946.0,53742159517.0,103,4.2,78.6,81.0,1144654.0,58.4,5.124653606941942e-05,25739.247814359183,0.01897163120567376,0.0027012192844067806,Win It On The Pitch
Spain,629,41595,1.51,eci_table_20,47076781.0,1394116310769.0,94,13.96,88.9,83.3,37927409.0,57.5,1.336115143471683e-05,29613.67113798626,0.015122009856953961,0.0008835565881193109,Win It On The Pitch
Sweden,31,14805,0.21,eci_table_20,10285453.0,530832908738.0,25,6.48,67.0,82.5,9021165.0,64.6,3.0139654519834955e-06,51610.06605523354,0.002093887200270179,0.0014394115650521178,Win It On The Pitch
Austria,25136,13395,187.65,eci_table_21,8877067.0,446314739528.0,109,4.67,85.1,81.6,5194416.0,60.7,0.0028315658764319343,50277.27508736838,1.87652108995894,0.0015089443393859706,Fur Free Europe
Belgium,27753,14805,187.46,eci_table_21,11484055.0,529606710418.0,383,5.59,79.7,81.6,11259082.0,53.6,0.0024166550926480236,46116.699233676605,1.8745694022289767,0.0012891787787501889,Fur Free Europe
Bulgaria,71444,11985,596.11,eci_table_21,6975761.0,86000000000.0,64,4.34,71.0,74.9,5256027.0,55.4,0.010241749968211353,12328.404026456756,5.961118064246976,0.001718092119268421,Fur Free Europe
Croatia,9362,8460,110.66,eci_table_21,4067500.0,60415553039.0,73,6.93,67.9,78.1,2328318.0,51.2,0.002301659496004917,14853.239837492318,1.1066193853427897,0.002079901659496005,Fur Free Europe
Cyprus,603,4230,14.26,eci_table_21,1198575.0,24564647935.0,131,7.27,75.9,80.8,800708.0,63.1,0.0005030974281959828,20494.87761299877,0.1425531914893617,0.003529190914210625,Fur Free Europe
Czech Republic,31722,14805,214.27,eci_table_21,10669709.0,246489245495.0,139,1.93,64.1,79.0,7887156.0,60.6,0.0029730895191237175,23101.777704996453,2.1426545086119555,0.0013875729881667814,Fur Free Europe
Denmark,52178,9870,528.65,eci_table_21,5818553.0,348078018464.0,137,4.91,80.6,81.0,5119978.0,62.2,0.008967521650142226,59822.092960913134,5.286524822695036,0.0016962980314865225,Fur Free Europe
Estonia,5808,4935,117.69,eci_table_21,1331824.0,31386949981.0,31,5.11,69.6,78.2,916024.0,63.6,0.004360936580208796,23566.890205462583,1.1768996960486322,0.003705444563245594,Fur Free Europe
Finland,82067,9870,831.48,eci_table_21,5520314.0,268761201365.0,18,6.59,88.2,81.7,4716888.0,59.1,0.014866364485788309,48685.853986747854,8.314792299898683,0.0017879417728774124,Fur Free Europe
France,107672,55695,193.32,eci_table_21,67059887.0,2715518274227.0,119,8.43,65.6,82.5,54123364.0,55.1,0.0016056096247224515,40493.9285720389,1.9332435586677439,0.0008305263025569965,Fur Free Europe
Germany,518534,67680,766.16,eci_table_21,83132799.0,3845630030824.0,240,3.04,70.2,80.9,64324835.0,60.8,0.0062374177970358005,46258.8782897109,7.661554373522459,0.0008141191059860742,Fur Free Europe
Greece,16713,14805,112.89,eci_table_21,10716322.0,209852761469.0,81,17.24,136.6,81.3,8507474.0,51.8,0.0015595835959389798,19582.53601086268,1.1288753799392097,0.0013815374342055044,Fur Free Europe
Hungary,6515,14805,44.01,eci_table_21,9769949.0,160967157504.0,107,3.4,48.5,75.8,6999582.0,56.5,0.0006668407378585088,16475.741838979917,0.44005403579871666,0.0015153610320790825,Fur Free Europe
Republic of Ireland,5455,9165,59.52,eci_table_21,5007069.0,388698711348.0,72,4.93,77.8,82.3,3133123.0,62.1,0.001089459721845255,77629.9889911643,0.5951991271140207,0.0018304121632835497,Fur Free Europe
Italy,83164,53580,155.21,eci_table_21,60297396.0,2001244392042.0,206,9.89,61.9,82.9,42651966.0,49.6,0.0013792303733978827,33189.56579886136,1.552146323254946,0.0008885955871129162,Fur Free Europe
Latvia,64162,5640,1137.62,eci_table_21,1912789.0,34117202555.0,30,6.52,88.1,74.7,1304943.0,61.4,0.03354368934576683,17836.364886560932,11.376241134751773,0.0029485740455429217,Fur Free Europe
Lithuania,49650,7755,640.23,eci_table_21,2786844.0,54219315600.0,43,6.35,72.4,75.7,1891013.0,61.6,0.017815851909902383,19455.45412660343,6.402321083172147,0.0027827176548095266,Fur Free Europe
Luxembourg,1912,4230,45.2,eci_table_21,645397.0,71104919108.0,242,5.36,19.2,82.1,565488.0,59.3,0.002962517644178699,110172.37314087298,0.4520094562647754,0.006554105457571077,Fur Free Europe
Malta,4131,4230,97.66,eci_table_21,502653.0,14786156563.0,1380,3.47,54.3,82.3,475902.0,56.5,0.008218393205650817,29416.230606402427,0.9765957446808511,0.008415348162648984,Fur Free Europe
Netherlands,41122,20445,201.13,eci_table_21,17332850.0,909070395161.0,508,3.2,85.0,81.8,15924729.0,63.6,0.0023724892328728397,52447.83143920359,2.0113475177304965,0.0011795521221264823,Fur Free Europe
Poland,90919,36660,248.01,eci_table_21,37970874.0,592164400688.0,124,3.47,67.8,77.6,22796574.0,56.7,0.0023944405388193067,15595.227033436207,2.4800600109110746,0.0009654768547071105,Fur Free Europe
Portugal,8395,14805,56.7,eci_table_21,10269417.0,237686075635.0,111,6.33,63.9,81.3,6753579.0,58.8,0.0008174758119180476,23145.04081731222,0.5670381627828436,0.0014416592490109224,Fur Free Europe
Romania,23160,23265,99.55,eci_table_21,19356544.0,250077444017.0,84,3.98,49.4,75.4,10468793.0,54.7,0.0011964945808507965,12919.529644186483,0.9954867827208252,0.0012019191029142393,Fur Free Europe
Slovakia,34946,9870,354.06,eci_table_21,5454073.0,105422304976.0,114,5.56,46.6,77.2,2930419.0,59.5,0.006407321647510035,19329.0968008679,3.540628166160081,0.001809656746435187,Fur Free Europe
Slovenia,5536,5640,98.16,eci_table_21,2087946.0,53742159517.0,103,4.2,78.6,81.0,1144654.0,58.4,0.0026514095671056627,25739.247814359183,0.9815602836879432,0.0027012192844067806,Fur Free Europe
Spain,32615,41595,78.41,eci_table_21,47076781.0,1394116310769.0,94,13.96,88.9,83.3,37927409.0,57.5,0.000692804378447201,29613.67113798626,0.7841086669070801,0.0008835565881193109,Fur Free Europe
Sweden,101645,14805,686.56,eci_table_21,10285453.0,530832908738.0,25,6.48,67.0,82.5,9021165.0,64.6,0.009882403818285883,51610.06605523354,6.865585950692334,0.0014394115650521178,Fur Free Europe
Austria,2498,13395,18.65,eci_table_22,8877067.0,446314739528.0,109,4.67,85.1,81.6,5194416.0,60.7,0.00028139925045062746,50277.27508736838,0.18648749533407988,0.0015089443393859706,End The Slaughter Age
Belgium,2880,14805,19.45,eci_table_22,11484055.0,529606710418.0,383,5.59,79.7,81.6,11259082.0,53.6,0.0002507824979939577,46116.699233676605,0.1945288753799392,0.0012891787787501889,End The Slaughter Age
Bulgaria,1005,11985,8.39,eci_table_22,6975761.0,86000000000.0,64,4.34,71.0,74.9,5256027.0,55.4,0.0001440703028673144,12328.404026456756,0.08385481852315395,0.001718092119268421,End The Slaughter Age
Croatia,4551,8460,53.79,eci_table_22,4067500.0,60415553039.0,73,6.93,67.9,78.1,2328318.0,51.2,0.0011188690842040565,14853.239837492318,0.5379432624113475,0.002079901659496005,End The Slaughter Age
Cyprus,419,4230,9.91,eci_table_22,1198575.0,24564647935.0,131,7.27,75.9,80.8,800708.0,63.1,0.0003495817950482865,20494.87761299877,0.09905437352245863,0.003529190914210625,End The Slaughter Age
Czech Republic,1794,14805,12.12,eci_table_22,10669709.0,246489245495.0,139,1.93,64.1,79.0,7887156.0,60.6,0.00016813954344959174,23101.777704996453,0.12117527862208713,0.0013875729881667814,End The Slaughter Age
Denmark,26569,9870,269.19,eci_table_22,5818553.0,348078018464.0,137,4.91,80.6,81.0,5119978.0,62.2,0.004566255562164683,59822.092960913134,2.6918946301925026,0.0016962980314865225,End The Slaughter Age
Estonia,324,4935,6.57,eci_table_22,1331824.0,31386949981.0,31,5.11,69.6,78.2,916024.0,63.6,0.00024327538773892047,23566.890205462583,0.06565349544072949,0.003705444563245594,End The Slaughter Age
Finland,27200,9870,275.58,eci_table_22,5520314.0,268761201365.0,18,6.59,88.2,81.7,4716888.0,59.1,0.0049272559495709845,48685.853986747854,2.7558257345491386,0.0017879417728774124,End The Slaughter Age
France,253815,55695,455.72,eci_table_22,67059887.0,2715518274227.0,119,8.43,65.6,82.5,54123364.0,55.1,0.0037849005024419443,40493.9285720389,4.5572313493132235,0.0008305263025569965,End The Slaughter Age
Germany,323390,67680,477.82,eci_table_22,83132799.0,3845630030824.0,240,3.04,70.2,80.9,64324835.0,60.8,0.00389004104144262,46258.8782897109,4.778221040189125,0.0008141191059860742,End The Slaughter Age
Greece,24249,14805,163.79,eci_table_22,10716322.0,209852761469.0,81,17.24,136.6,81.3,8507474.0,51.8,0.0022628099454271716,19582.53601086268,1.6378926038500508,0.0013815374342055044,End The Slaughter Age
Hungary,3014,14805,20.36,eci_table_22,9769949.0,160967157504.0,107,3.4,48.5,75.8,6999582.0,56.5,0.0003084970044367683,16475.741838979917,0.20357987166497804,0.0015153610320790825,End The Slaughter Age
Republic of Ireland,37995,9165,414.57,eci_table_22,5007069.0,388698711348.0,72,4.93,77.8,82.3,3133123.0,62.1,0.007588271701468464,77629.9889911643,4.145662847790508,0.0018304121632835497,End The Slaughter Age
Italy,44059,53580,82.23,eci_table_22,60297396.0,2001244392042.0,206,9.89,61.9,82.9,42651966.0,49.6,0.0007306949043039935,33189.56579886136,0.8223030981709594,0.0008885955871129162,End The Slaughter Age
Latvia,715,5640,12.68,eci_table_22,1912789.0,34117202555.0,30,6.52,88.1,74.7,1304943.0,61.4,0.00037379972385872146,17836.364886560932,0.12677304964539007,0.0029485740455429217,End The Slaughter Age
Lithuania,646,7755,8.33,eci_table_22,2786844.0,54219315600.0,43,6.35,72.4,75.7,1891013.0,61.6,0.0002318034306907742,19455.45412660343,0.08330109606705352,0.0027827176548095266,End The Slaughter Age
Luxembourg,6137,4230,145.08,eci_table_22,645397.0,71104919108.0,242,5.36,19.2,82.1,565488.0,59.3,0.009508875932178178,110172.37314087298,1.4508274231678486,0.006554105457571077,End The Slaughter Age
Malta,2486,4230,58.77,eci_table_22,502653.0,14786156563.0,1380,3.47,54.3,82.3,475902.0,56.5,0.004945757809065101,29416.230606402427,0.5877068557919621,0.008415348162648984,End The Slaughter Age
Netherlands,57657,20445,282.01,eci_table_22,17332850.0,909070395161.0,508,3.2,85.0,81.8,15924729.0,63.6,0.003326458141621257,52447.83143920359,2.820102714600147,0.0011795521221264823,End The Slaughter Age
Poland,6067,36660,16.55,eci_table_22,37970874.0,592164400688.0,124,3.47,67.8,77.6,22796574.0,56.7,0.00015978036217970646,15595.227033436207,0.165493726132024,0.0009654768547071105,End The Slaughter Age
Portugal,2450,14805,16.55,eci_table_22,10269417.0,237686075635.0,111,6.33,63.9,81.3,6753579.0,58.8,0.00023857245255499897,23145.04081731222,0.16548463356973994,0.0014416592490109224,End The Slaughter Age
Romania,2780,23265,11.95,eci_table_22,19356544.0,250077444017.0,84,3.98,49.4,75.4,10468793.0,54.7,0.00014362067939400753,12919.529644186483,0.11949280034386417,0.0012019191029142393,End The Slaughter Age
Slovakia,22850,9870,231.51,eci_table_22,5454073.0,105422304976.0,114,5.56,46.6,77.2,2930419.0,59.5,0.004189529549751167,19329.0968008679,2.315096251266464,0.001809656746435187,End The Slaughter Age
Slovenia,949,5640,16.83,eci_table_22,2087946.0,53742159517.0,103,4.2,78.6,81.0,1144654.0,58.4,0.00045451367037270123,25739.247814359183,0.16826241134751774,0.0027012192844067806,End The Slaughter Age
Spain,8571,41595,20.61,eci_table_22,47076781.0,1394116310769.0,94,13.96,88.9,83.3,37927409.0,57.5,0.00018206427495541804,29613.67113798626,0.20605842048323117,0.0008835565881193109,End The Slaughter Age
Sweden,2876,14805,19.43,eci_table_22,10285453.0,530832908738.0,25,6.48,67.0,82.5,9021165.0,64.6,0.00027961821419046883,51610.06605523354,0.19425869638635596,0.0014394115650521178,End The Slaughter Age
Austria,1795,13395,13.4,eci_table_23,8877067.0,446314739528.0,109,4.67,85.1,81.6,5194416.0,60.7,0.0002022064269651226,50277.27508736838,0.1340052258305338,0.0015089443393859706,"Good Clothes, Fair Pay"
Belgium,4235,14805,28.61,eci_table_23,11484055.0,529606710418.0,383,5.59,79.7,81.6,11259082.0,53.6,0.0003687721802098649,46116.699233676605,0.2860520094562648,0.0012891787787501889,"Good Clothes, Fair Pay"
Bulgaria,131,11985,1.09,eci_table_23,6975761.0,86000000000.0,64,4.34,71.0,74.9,5256027.0,55.4,1.877931311006785e-05,12328.404026456756,0.010930329578639967,0.001718092119268421,"Good Clothes, Fair Pay"
Croatia,1233,8460,14.57,eci_table_23,4067500.0,60415553039.0,73,6.93,67.9,78.1,2328318.0,51.2,0.0003031346035648433,14853.239837492318,0.14574468085106382,0.002079901659496005,"Good Clothes, Fair Pay"
Cyprus,62,4230,1.47,eci_table_23,1198575.0,24564647935.0,131,7.27,75.9,80.8,800708.0,63.1,5.172809377802808e-05,20494.87761299877,0.014657210401891253,0.003529190914210625,"Good Clothes, Fair Pay"
Czech Republic,2473,14805,16.7,eci_table_23,10669709.0,246489245495.0,139,1.93,64.1,79.0,7887156.0,60.6,0.0002317776426704796,23101.777704996453,0.16703816278284364,0.0013875729881667814,"Good Clothes, Fair Pay"
Denmark,1695,9870,17.17,eci_table_23,5818553.0,348078018464.0,137,4.91,80.6,81.0,5119978.0,62.2,0.00029130954036166726,59822.092960913134,0.1717325227963526,0.0016962980314865225,"Good Clothes, Fair Pay"
Estonia,82,4935,1.66,eci_table_23,1331824.0,31386949981.0,31,5.11,69.6,78.2,916024.0,63.6,6.156969689688728e-05,23566.890205462583,0.016616008105369808,0.003705444563245594,"Good Clothes, Fair Pay"
Finland,6609,9870,66.96,eci_table_23,5520314.0,268761201365.0,18,6.59,88.2,81.7,4716888.0,59.1,0.0011972145062762733,48685.853986747854,0.6696048632218845,0.0017879417728774124,"Good Clothes, Fair Pay"
France,30372,55695,54.53,eci_table_23,67059887.0,2715518274227.0,119,8.43,65.6,82.5,54123364.0,55.1,0.00045290860689938233,40493.9285720389,0.5453272286560733,0.0008305263025569965,"Good Clothes, Fair Pay"
Germany,27688,67680,40.91,eci_table_23,83132799.0,3845630030824.0,240,3.04,70.2,80.9,64324835.0,60.8,0.0003330574735009223,46258.8782897109,0.4091016548463357,0.0008141191059860742,"Good Clothes, Fair Pay"
Greece,381,14805,2.57,eci_table_23,10716322.0,209852761469.0,81,17.24,136.6,81.3,8507474.0,51.8,3.555324298765939e-05,19582.53601086268,0.025734549138804456,0.0013815374342055044,"Good Clothes, Fair Pay"
Hungary,354,14805,2.39,eci_table_23,9769949.0,160967157504.0,107,3.4,48.5,75.8,6999582.0,56.5,3.623355659277239e-05,16475.741838979917,0.023910840932117528,0.0015153610320790825,"Good Clothes, Fair Pay"
Republic of Ireland,4291,9165,46.82,eci_table_23,5007069.0,388698711348.0,72,4.93,77.8,82.3,3133123.0,62.1,0.0008569883898144803,77629.9889911643,0.46819421713038734,0.0018304121632835497,"Good Clothes, Fair Pay"
Italy,16361,53580,30.54,eci_table_23,60297396.0,2001244392042.0,206,9.89,61.9,82.9,42651966.0,49.6,0.00027133841733397574,33189.56579886136,0.3053564762971258,0.0008885955871129162,"Good Clothes, Fair Pay"
Latvia,85,5640,1.51,eci_table_23,1912789.0,34117202555.0,30,6.52,88.1,74.7,1304943.0,61.4,4.4437729409778076e-05,17836.364886560932,0.015070921985815602,0.0029485740455429217,"Good Clothes, Fair Pay"
Lithuania,77,7755,0.99,eci_table_23,2786844.0,54219315600.0,43,6.35,72.4,75.7,1891013.0,61.6,2.7629820686052037e-05,19455.45412660343,0.009929078014184398,0.0027827176548095266,"Good Clothes, Fair Pay"
Luxembourg,617,4230,14.59,eci_table_23,645397.0,71104919108.0,242,5.36,19.2,82.1,565488.0,59.3,0.0009560007251350719,110172.37314087298,0.1458628841607565,0.006554105457571077,"Good Clothes, Fair Pay"
Malta,103,4230,2.43,eci_table_23,502653.0,14786156563.0,1380,3.47,54.3,82.3,475902.0,56.5,0.00020491273303849773,29416.230606402427,0.024349881796690308,0.008415348162648984,"Good Clothes, Fair Pay"
Netherlands,73792,20445,360.93,eci_table_23,17332850.0,909070395161.0,508,3.2,85.0,81.8,15924729.0,63.6,0.004257349483783682,52447.83143920359,3.6092932257275616,0.0011795521221264823,"Good Clothes, Fair Pay"
Poland,3978,36660,10.85,eci_table_23,37970874.0,592164400688.0,124,3.47,67.8,77.6,22796574.0,56.7,0.00010476450976609071,15595.227033436207,0.10851063829787234,0.0009654768547071105,"Good Clothes, Fair Pay"
Portugal,662,14805,4.47,eci_table_23,10269417.0,237686075635.0,111,6.33,63.9,81.3,6753579.0,58.8,6.44632504454732e-05,23145.04081731222,0.04471462343802769,0.0014416592490109224,"Good Clothes, Fair Pay"
Romania,3064,23265,13.17,eci_table_23,19356544.0,250077444017.0,84,3.98,49.4,75.4,10468793.0,54.7,0.00015829272002274787,12919.529644186483,0.13169997850848914,0.0012019191029142393,"Good Clothes, Fair Pay"
Slovakia,16318,9870,165.33,eci_table_23,5454073.0,105422304976.0,114,5.56,46.6,77.2,2930419.0,59.5,0.0029918924810870703,19329.0968008679,1.6532928064842958,0.001809656746435187,"Good Clothes, Fair Pay"
Slovenia,284,5640,5.04,eci_table_23,2087946.0,53742159517.0,103,4.2,78.6,81.0,1144654.0,58.4,0.00013601884339920669,25739.247814359183,0.05035460992907802,0.0027012192844067806,"Good Clothes, Fair Pay"
Spain,6384,41595,15.35,eci_table_23,47076781.0,1394116310769.0,94,13.96,88.9,83.3,37927409.0,57.5,0.00013560825239941534,29613.67113798626,0.15347998557518933,0.0008835565881193109,"Good Clothes, Fair Pay"
Sweden,12974,14805,87.63,eci_table_23,10285453.0,530832908738.0,25,6.48,67.0,82.5,9021165.0,64.6,0.0012613931540010927,51610.06605523354,0.8763255656872678,0.0014394115650521178,"Good Clothes, Fair Pay"
Austria,75,13395,0.56,eci_table_24,8877067.0,446314739528.0,109,4.67,85.1,81.6,5194416.0,60.7,8.448736502721e-06,50277.27508736838,0.005599104143337066,0.0015089443393859706,"Protect EU Rural Heritage, Food Security and Supply"
Belgium,121,14805,0.82,eci_table_24,11484055.0,529606710418.0,383,5.59,79.7,81.6,11259082.0,53.6,1.053634800599614e-05,46116.699233676605,0.00817291455589328,0.0012891787787501889,"Protect EU Rural Heritage, Food Security and Supply"
Bulgaria,17,11985,0.14,eci_table_24,6975761.0,86000000000.0,64,4.34,71.0,74.9,5256027.0,55.4,2.4370100982530796e-06,12328.404026456756,0.0014184397163120568,0.001718092119268421,"Protect EU Rural Heritage, Food Security and Supply"
Croatia,21,8460,0.25,eci_table_24,4067500.0,60415553039.0,73,6.93,67.9,78.1,2328318.0,51.2,5.1628764597418564e-06,14853.239837492318,0.0024822695035460994,0.002079901659496005,"Protect EU Rural Heritage, Food Security and Supply"
Cyprus,6,4230,0.14,eci_table_24,1198575.0,24564647935.0,131,7.27,75.9,80.8,800708.0,63.1,5.005944559164007e-06,20494.87761299877,0.0014184397163120568,0.003529190914210625,"Protect EU Rural Heritage, Food Security and Supply"
Czech Republic,88,14805,0.59,eci_table_24,10669709.0,246489245495.0,139,1.93,64.1,79.0,7887156.0,60.6,8.247647616256451e-06,23101.777704996453,0.005943937858831476,0.0013875729881667814,"Protect EU Rural Heritage, Food Security and Supply"
Denmark,119,9870,1.21,eci_table_24,5818553.0,348078018464.0,137,4.91,80.6,81.0,5119978.0,62.2,2.0451820237780767e-05,59822.092960913134,0.012056737588652482,0.0016962980314865225,"Protect EU Rural Heritage, Food Security and Supply"
Estonia,4,4935,0.08,eci_table_24,1331824.0,31386949981.0,31,5.11,69.6,78.2,916024.0,63.6,3.0033998486286477e-06,23566.890205462583,0.0008105369807497467,0.003705444563245594,"Protect EU Rural Heritage, Food Security and Supply"
Finland,488,9870,4.94,eci_table_24,5520314.0,268761201365.0,18,6.59,88.2,81.7,4716888.0,59.1,8.840076850700884e-05,48685.853986747854,0.04944275582573455,0.0017879417728774124,"Protect EU Rural Heritage, Food Security and Supply"
France,240,55695,0.43,eci_table_24,67059887.0,2715518274227.0,119,8.43,65.6,82.5,54123364.0,55.1,3.5788906116110814e-06,40493.9285720389,0.0043091839482897925,0.0008305263025569965,"Protect EU Rural Heritage, Food Security and Supply"
Germany,312,67680,0.46,eci_table_24,83132799.0,3845630030824.0,240,3.04,70.2,80.9,64324835.0,60.8,3.7530313396521148e-06,46258.8782897109,0.004609929078014184,0.0008141191059860742,"Protect EU Rural Heritage, Food Security and Supply"
Greece,14736,14805,99.53,eci_table_24,10716322.0,209852761469.0,81,17.24,136.6,81.3,8507474.0,51.8,0.0013750986579164008,19582.53601086268,0.9953394123606889,0.0013815374342055044,"Protect EU Rural Heritage, Food Security and Supply"
Hungary,1178,14805,7.96,eci_table_24,9769949.0,160967157504.0,107,3.4,48.5,75.8,6999582.0,56.5,0.00012057381261662677,16475.741838979917,0.07956771361026681,0.0015153610320790825,"Protect EU Rural Heritage, Food Security and Supply"
Republic of Ireland,36,9165,0.39,eci_table_24,5007069.0,388698711348.0,72,4.93,77.8,82.3,3133123.0,62.1,7.1898350112610795e-06,77629.9889911643,0.003927986906710311,0.0018304121632835497,"Protect EU Rural Heritage, Food Security and Supply"
Italy,261,53580,0.49,eci_table_24,60297396.0,2001244392042.0,206,9.89,61.9,82.9,42651966.0,49.6,4.328545133192816e-06,33189.56579886136,0.0048712206047032474,0.0008885955871129162,"Protect EU Rural Heritage, Food Security and Supply"
Latvia,6,5640,0.11,eci_table_24,1912789.0,34117202555.0,30,6.52,88.1,74.7,1304943.0,61.4,3.1367808995137467e-06,17836.364886560932,0.0010638297872340426,0.0029485740455429217,"Protect EU Rural Heritage, Food Security and Supply"
Lithuania,2004,7755,25.84,eci_table_24,2786844.0,54219315600.0,43,6.35,72.4,75.7,1891013.0,61.6,0.0007190929955175102,19455.45412660343,0.2584139264990329,0.0027827176548095266,"Protect EU Rural Heritage, Food Security and Supply"
Luxembourg,6,4230,0.14,eci_table_24,645397.0,71104919108.0,242,5.36,19.2,82.1,565488.0,59.3,9.29660348591642e-06,110172.37314087298,0.0014184397163120568,0.006554105457571077,"Protect EU Rural Heritage, Food Security and Supply"
Malta,6,4230,0.14,eci_table_24,502653.0,14786156563.0,1380,3.47,54.3,82.3,475902.0,56.5,1.1936664060495014e-05,29416.230606402427,0.0014184397163120568,0.008415348162648984,"Protect EU Rural Heritage, Food Security and Supply"
Netherlands,68,20445,0.33,eci_table_24,17332850.0,909070395161.0,508,3.2,85.0,81.8,15924729.0,63.6,3.923186319618528e-06,52447.83143920359,0.003325996576179995,0.0011795521221264823,"Protect EU Rural Heritage, Food Security and Supply"
Poland,419,36660,1.14,eci_table_24,37970874.0,592164400688.0,124,3.47,67.8,77.6,22796574.0,56.7,1.1034773653089998e-05,15595.227033436207,0.011429350791052919,0.0009654768547071105,"Protect EU Rural Heritage, Food Security and Supply"
Portugal,552,14805,3.73,eci_table_24,10269417.0,237686075635.0,111,6.33,63.9,81.3,6753579.0,58.8,5.3751834208309975e-05,23145.04081731222,0.037284701114488346,0.0014416592490109224,"Protect EU Rural Heritage, Food Security and Supply"
Romania,126,23265,0.54,eci_table_24,19356544.0,250077444017.0,84,3.98,49.4,75.4,10468793.0,54.7,6.509426476131276e-06,12919.529644186483,0.005415860735009671,0.0012019191029142393,"Protect EU Rural Heritage, Food Security and Supply"
Slovakia,16,9870,0.16,eci_table_24,5454073.0,105422304976.0,114,5.56,46.6,77.2,2930419.0,59.5,2.9335874308979728e-06,19329.0968008679,0.0016210739614994933,0.001809656746435187,"Protect EU Rural Heritage, Food Security and Supply"
Slovenia,19,5640,0.34,eci_table_24,2087946.0,53742159517.0,103,4.2,78.6,81.0,1144654.0,58.4,9.099852199242701e-06,25739.247814359183,0.003368794326241135,0.0027012192844067806,"Protect EU Rural Heritage, Food Security and Supply"
Spain,461,41595,1.11,eci_table_24,47076781.0,1394116310769.0,94,13.96,88.9,83.3,37927409.0,57.5,9.792513213679584e-06,29613.67113798626,0.01108306286813319,0.0008835565881193109,"Protect EU Rural Heritage, Food Security and Supply"
Sweden,25,14805,0.17,eci_table_24,10285453.0,530832908738.0,25,6.48,67.0,82.5,9021165.0,64.6,2.43061729998669e-06,51610.06605523354,0.0016886187098953055,0.0014394115650521178,"Protect EU Rural Heritage, Food Security and Supply"
Austria,34,13395,0.25,eci_table_25,8877067.0,446314739528.0,109,4.67,85.1,81.6,5194416.0,60.7,3.83009388123352e-06,50277.27508736838,0.00253826054497947,0.0015089443393859706,Focus on Specific Learning Disabilities
Belgium,54,14805,0.36,eci_table_25,11484055.0,529606710418.0,383,5.59,79.7,81.6,11259082.0,53.6,4.702171837386707e-06,46116.699233676605,0.00364741641337386,0.0012891787787501889,Focus on Specific Learning Disabilities
Bulgaria,63,11985,0.53,eci_table_25,6975761.0,86000000000.0,64,4.34,71.0,74.9,5256027.0,55.4,9.03127271705553e-06,12328.404026456756,0.005256570713391739,0.001718092119268421,Focus on Specific Learning Disabilities
Croatia,25,8460,0.3,eci_table_25,4067500.0,60415553039.0,73,6.93,67.9,78.1,2328318.0,51.2,6.146281499692686e-06,14853.239837492318,0.002955082742316785,0.002079901659496005,Focus on Specific Learning Disabilities
Cyprus,4,4230,0.09,eci_table_25,1198575.0,24564647935.0,131,7.27,75.9,80.8,800708.0,63.1,3.3372963727760048e-06,20494.87761299877,0.0009456264775413711,0.003529190914210625,Focus on Specific Learning Disabilities
Czech Republic,7,14805,0.05,eci_table_25,10669709.0,246489245495.0,139,1.93,64.1,79.0,7887156.0,60.6,6.560628785658541e-07,23101.777704996453,0.00047281323877068556,0.0013875729881667814,Focus on Specific Learning Disabilities
Denmark,8,9870,0.08,eci_table_25,5818553.0,348078018464.0,137,4.91,80.6,81.0,5119978.0,62.2,1.3749122848928247e-06,59822.092960913134,0.0008105369807497467,0.0016962980314865225,Focus on Specific Learning Disabilities
Estonia,22,4935,0.45,eci_table_25,1331824.0,31386949981.0,31,5.11,69.6,78.2,916024.0,63.6,1.6518699167457562e-05,23566.890205462583,0.004457953394123607,0.003705444563245594,Focus on Specific Learning Disabilities
Finland,54,9870,0.55,eci_table_25,5520314.0,268761201365.0,18,6.59,88.2,81.7,4716888.0,59.1,9.782052252824748e-06,48685.853986747854,0.00547112462006079,0.0017879417728774124,Focus on Specific Learning Disabilities
France,150,55695,0.27,eci_table_25,67059887.0,2715518274227.0,119,8.43,65.6,82.5,54123364.0,55.1,2.2368066322569257e-06,40493.9285720389,0.00269323996768112,0.0008305263025569965,Focus on Specific Learning Disabilities
Germany,152,67680,0.22,eci_table_25,83132799.0,3845630030824.0,240,3.04,70.2,80.9,64324835.0,60.8,1.8283998834202612e-06,46258.8782897109,0.0022458628841607567,0.0008141191059860742,Focus on Specific Learning Disabilities
Greece,92,14805,0.62,eci_table_25,10716322.0,209852761469.0,81,17.24,136.6,81.3,8507474.0,51.8,8.585035052138224e-06,19582.53601086268,0.006214116852414725,0.0013815374342055044,Focus on Specific Learning Disabilities
Hungary,26,14805,0.18,eci_table_25,9769949.0,160967157504.0,107,3.4,48.5,75.8,6999582.0,56.5,2.661221670655599e-06,16475.741838979917,0.0017561634582911178,0.0015153610320790825,Focus on Specific Learning Disabilities
Republic of Ireland,22,9165,0.24,eci_table_25,5007069.0,388698711348.0,72,4.93,77.8,82.3,3133123.0,62.1,4.393788062437326e-06,77629.9889911643,0.0024004364429896343,0.0018304121632835497,Focus on Specific Learning Disabilities
Italy,274,53580,0.51,eci_table_25,60297396.0,2001244392042.0,206,9.89,61.9,82.9,42651966.0,49.6,4.544143166646865e-06,33189.56579886136,0.00511384845091452,0.0008885955871129162,Focus on Specific Learning Disabilities
Latvia,3,5640,0.05,eci_table_25,1912789.0,34117202555.0,30,6.52,88.1,74.7,1304943.0,61.4,1.5683904497568733e-06,17836.364886560932,0.0005319148936170213,0.0029485740455429217,Focus on Specific Learning Disabilities
Lithuania,17,7755,0.22,eci_table_25,2786844.0,54219315600.0,43,6.35,72.4,75.7,1891013.0,61.6,6.100090281336164e-06,19455.45412660343,0.002192134107027724,0.0027827176548095266,Focus on Specific Learning Disabilities
Luxembourg,7,4230,0.17,eci_table_25,645397.0,71104919108.0,242,5.36,19.2,82.1,565488.0,59.3,1.0846037400235824e-05,110172.37314087298,0.0016548463356973995,0.006554105457571077,Focus on Specific Learning Disabilities
Malta,1,4230,0.02,eci_table_25,502653.0,14786156563.0,1380,3.47,54.3,82.3,475902.0,56.5,1.9894440100825024e-06,29416.230606402427,0.00023640661938534278,0.008415348162648984,Focus on Specific Learning Disabilities
Netherlands,46,20445,0.22,eci_table_25,17332850.0,909070395161.0,508,3.2,85.0,81.8,15924729.0,63.6,2.653920157389004e-06,52447.83143920359,0.0022499388603570555,0.0011795521221264823,Focus on Specific Learning Disabilities
Poland,32,36660,0.09,eci_table_25,37970874.0,592164400688.0,124,3.47,67.8,77.6,22796574.0,56.7,8.427512097825296e-07,15595.227033436207,0.000872885979268958,0.0009654768547071105,Focus on Specific Learning Disabilities
Portugal,29,14805,0.2,eci_table_25,10269417.0,237686075635.0,111,6.33,63.9,81.3,6753579.0,58.8,2.8239188261612125e-06,23145.04081731222,0.0019587977034785545,0.0014416592490109224,Focus on Specific Learning Disabilities
Romania,20,23265,0.09,eci_table_25,19356544.0,250077444017.0,84,3.98,49.4,75.4,10468793.0,54.7,1.0332422977986152e-06,12919.529644186483,0.0008596604341285192,0.0012019191029142393,Focus on Specific Learning Disabilities
Slovakia,14,9870,0.14,eci_table_25,5454073.0,105422304976.0,114,5.56,46.6,77.2,2930419.0,59.5,2.5668890020357262e-06,19329.0968008679,0.0014184397163120568,0.001809656746435187,Focus on Specific Learning Disabilities
Slovenia,8,5640,0.14,eci_table_25,2087946.0,53742159517.0,103,4.2,78.6,81.0,1144654.0,58.4,3.831516715470611e-06,25739.247814359183,0.0014184397163120568,0.0027012192844067806,Focus on Specific Learning Disabilities
Spain,152,41595,0.37,eci_table_25,47076781.0,1394116310769.0,94,13.96,88.9,83.3,37927409.0,57.5,3.2287679142717936e-06,29613.67113798626,0.003654285370837841,0.0008835565881193109,Focus on Specific Learning Disabilities
Sweden,11,14805,0.07,eci_table_25,10285453.0,530832908738.0,25,6.48,67.0,82.5,9021165.0,64.6,1.0694716119941436e-06,51610.06605523354,0.0007429922323539345,0.0014394115650521178,Focus on Specific Learning Disabilities
Austria,209,13395,1.56,eci_table_26,8877067.0,446314739528.0,109,4.67,85.1,81.6,5194416.0,60.7,2.354381238758252e-05,50277.27508736838,0.015602836879432624,0.0015089443393859706,VEGAN MEAL
Belgium,180,14805,1.22,eci_table_26,11484055.0,529606710418.0,383,5.59,79.7,81.6,11259082.0,53.6,1.5673906124622357e-05,46116.699233676605,0.0121580547112462,0.0012891787787501889,VEGAN MEAL
Bulgaria,29,11985,0.24,eci_table_26,6975761.0,86000000000.0,64,4.34,71.0,74.9,5256027.0,55.4,4.157252520549371e-06,12328.404026456756,0.002419691280767626,0.001718092119268421,VEGAN MEAL
Croatia,41,8460,0.48,eci_table_26,4067500.0,60415553039.0,73,6.93,67.9,78.1,2328318.0,51.2,1.0079901659496005e-05,14853.239837492318,0.004846335697399527,0.002079901659496005,VEGAN MEAL
Cyprus,5,4230,0.12,eci_table_26,1198575.0,24564647935.0,131,7.27,75.9,80.8,800708.0,63.1,4.171620465970006e-06,20494.87761299877,0.001182033096926714,0.003529190914210625,VEGAN MEAL
Czech Republic,20,14805,0.14,eci_table_26,10669709.0,246489245495.0,139,1.93,64.1,79.0,7887156.0,60.6,1.8744653673310116e-06,23101.777704996453,0.0013508949679162446,0.0013875729881667814,VEGAN MEAL
Denmark,38,9870,0.39,eci_table_26,5818553.0,348078018464.0,137,4.91,80.6,81.0,5119978.0,62.2,6.530833353240918e-06,59822.092960913134,0.003850050658561297,0.0016962980314865225,VEGAN MEAL
Estonia,20,4935,0.41,eci_table_26,1331824.0,31386949981.0,31,5.11,69.6,78.2,916024.0,63.6,1.5016999243143238e-05,23566.890205462583,0.004052684903748734,0.003705444563245594,VEGAN MEAL
Finland,129,9870,1.31,eci_table_26,5520314.0,268761201365.0,18,6.59,88.2,81.7,4716888.0,59.1,2.3368235937303566e-05,48685.853986747854,0.013069908814589666,0.0017879417728774124,VEGAN MEAL
France,741,55695,1.33,eci_table_26,67059887.0,2715518274227.0,119,8.43,65.6,82.5,54123364.0,55.1,1.1049824763349214e-05,40493.9285720389,0.013304605440344735,0.0008305263025569965,VEGAN MEAL
Germany,3258,67680,4.81,eci_table_26,83132799.0,3845630030824.0,240,3.04,70.2,80.9,64324835.0,60.8,3.919030802752112e-05,46258.8782897109,0.048138297872340426,0.0008141191059860742,VEGAN MEAL
Greece,95,14805,0.64,eci_table_26,10716322.0,209852761469.0,81,17.24,136.6,81.3,8507474.0,51.8,8.864981847316644e-06,19582.53601086268,0.006416751097602162,0.0013815374342055044,VEGAN MEAL
Hungary,213,14805,1.44,eci_table_26,9769949.0,160967157504.0,107,3.4,48.5,75.8,6999582.0,56.5,2.1801546763447794e-05,16475.741838979917,0.014387031408308004,0.0015153610320790825,VEGAN MEAL
Republic of Ireland,53,9165,0.58,eci_table_26,5007069.0,388698711348.0,72,4.93,77.8,82.3,3133123.0,62.1,1.0585034877689922e-05,77629.9889911643,0.005782869612656847,0.0018304121632835497,VEGAN MEAL
Italy,2006,53580,3.74,eci_table_26,60297396.0,2001244392042.0,206,9.89,61.9,82.9,42651966.0,49.6,3.3268435008370844e-05,33189.56579886136,0.03743934303844718,0.0008885955871129162,VEGAN MEAL
Latvia,12,5640,0.21,eci_table_26,1912789.0,34117202555.0,30,6.52,88.1,74.7,1304943.0,61.4,6.273561799027493e-06,17836.364886560932,0.002127659574468085,0.0029485740455429217,VEGAN MEAL
Lithuania,24,7755,0.31,eci_table_26,2786844.0,54219315600.0,43,6.35,72.4,75.7,1891013.0,61.6,8.61189216188635e-06,19455.45412660343,0.003094777562862669,0.0027827176548095266,VEGAN MEAL
Luxembourg,28,4230,0.66,eci_table_26,645397.0,71104919108.0,242,5.36,19.2,82.1,565488.0,59.3,4.33841496009433e-05,110172.37314087298,0.006619385342789598,0.006554105457571077,VEGAN MEAL
Malta,5,4230,0.12,eci_table_26,502653.0,14786156563.0,1380,3.47,54.3,82.3,475902.0,56.5,9.947220050412511e-06,29416.230606402427,0.001182033096926714,0.008415348162648984,VEGAN MEAL
Netherlands,194,20445,0.95,eci_table_26,17332850.0,909070395161.0,508,3.2,85.0,81.8,15924729.0,63.6,1.11926197942058e-05,52447.83143920359,0.009488872584984103,0.0011795521221264823,VEGAN MEAL
Poland,126,36660,0.34,eci_table_26,37970874.0,592164400688.0,124,3.47,67.8,77.6,22796574.0,56.7,3.3183328885187106e-06,15595.227033436207,0.003436988543371522,0.0009654768547071105,VEGAN MEAL
Portugal,84,14805,0.57,eci_table_26,10269417.0,237686075635.0,111,6.33,63.9,81.3,6753579.0,58.8,8.179626944742822e-06,23145.04081731222,0.005673758865248227,0.0014416592490109224,VEGAN MEAL
Romania,96,23265,0.41,eci_table_26,19356544.0,250077444017.0,84,3.98,49.4,75.4,10468793.0,54.7,4.9595630294333534e-06,12919.529644186483,0.0041263700838168925,0.0012019191029142393,VEGAN MEAL
Slovakia,55,9870,0.56,eci_table_26,5454073.0,105422304976.0,114,5.56,46.6,77.2,2930419.0,59.5,1.0084206793711782e-05,19329.0968008679,0.005572441742654508,0.001809656746435187,VEGAN MEAL
Slovenia,21,5640,0.37,eci_table_26,2087946.0,53742159517.0,103,4.2,78.6,81.0,1144654.0,58.4,1.0057731378110353e-05,25739.247814359183,0.003723404255319149,0.0027012192844067806,VEGAN MEAL
Spain,264,41595,0.63,eci_table_26,47076781.0,1394116310769.0,94,13.96,88.9,83.3,37927409.0,57.5,5.607860061629957e-06,29613.67113798626,0.006346916696718356,0.0008835565881193109,VEGAN MEAL
Sweden,57,14805,0.39,eci_table_26,10285453.0,530832908738.0,25,6.48,67.0,82.5,9021165.0,64.6,5.541807443969653e-06,51610.06605523354,0.003850050658561297,0.0014394115650521178,VEGAN MEAL
Austria,13,13395,0.1,eci_table_27,8877067.0,446314739528.0,109,4.67,85.1,81.6,5194416.0,60.7,1.46444766047164e-06,50277.27508736838,0.0009705113848450914,0.0015089443393859706,European Day of Whatever it Takes
Belgium,13,14805,0.09,eci_table_27,11484055.0,529606710418.0,383,5.59,79.7,81.6,11259082.0,53.6,1.1320043312227257e-06,46116.699233676605,0.0008780817291455589,0.0012891787787501889,European Day of Whatever it Takes
Bulgaria,1,11985,0.01,eci_table_27,6975761.0,86000000000.0,64,4.34,71.0,74.9,5256027.0,55.4,1.4335353519135762e-07,12328.404026456756,8.343763037129746e-05,0.001718092119268421,European Day of Whatever it Takes
Croatia,3,8460,0.04,eci_table_27,4067500.0,60415553039.0,73,6.93,67.9,78.1,2328318.0,51.2,7.375537799631223e-07,14853.239837492318,0.0003546099290780142,0.002079901659496005,European Day of Whatever it Takes
Cyprus,10,4230,0.24,eci_table_27,1198575.0,24564647935.0,131,7.27,75.9,80.8,800708.0,63.1,8.343240931940012e-06,20494.87761299877,0.002364066193853428,0.003529190914210625,European Day of Whatever it Takes
Czech Republic,4,14805,0.03,eci_table_27,10669709.0,246489245495.0,139,1.93,64.1,79.0,7887156.0,60.6,3.748930734662023e-07,23101.777704996453,0.0002701789935832489,0.0013875729881667814,European Day of Whatever it Takes
Denmark,2,9870,0.02,eci_table_27,5818553.0,348078018464.0,137,4.91,80.6,81.0,5119978.0,62.2,3.4372807122320616e-07,59822.092960913134,0.00020263424518743666,0.0016962980314865225,European Day of Whatever it Takes
Estonia,3,4935,0.06,eci_table_27,1331824.0,31386949981.0,31,5.11,69.6,78.2,916024.0,63.6,2.2525498864714856e-06,23566.890205462583,0.0006079027355623101,0.003705444563245594,European Day of Whatever it Takes
Finland,8,9870,0.08,eci_table_27,5520314.0,268761201365.0,18,6.59,88.2,81.7,4716888.0,59.1,1.4491929263444072e-06,48685.853986747854,0.0008105369807497467,0.0017879417728774124,European Day of Whatever it Takes
France,43,55695,0.08,eci_table_27,67059887.0,2715518274227.0,119,8.43,65.6,82.5,54123364.0,55.1,6.412179012469854e-07,40493.9285720389,0.0007720621240685879,0.0008305263025569965,European Day of Whatever it Takes
Germany,32,67680,0.05,eci_table_27,83132799.0,3845630030824.0,240,3.04,70.2,80.9,64324835.0,60.8,3.8492629124637074e-07,46258.8782897109,0.00047281323877068556,0.0008141191059860742,European Day of Whatever it Takes
Greece,9,14805,0.06,eci_table_27,10716322.0,209852761469.0,81,17.24,136.6,81.3,8507474.0,51.8,8.39840385535261e-07,19582.53601086268,0.0006079027355623101,0.0013815374342055044,European Day of Whatever it Takes
Hungary,7,14805,0.05,eci_table_27,9769949.0,160967157504.0,107,3.4,48.5,75.8,6999582.0,56.5,7.164827574841998e-07,16475.741838979917,0.00047281323877068556,0.0015153610320790825,European Day of Whatever it Takes
Republic of Ireland,7,9165,0.08,eci_table_27,5007069.0,388698711348.0,72,4.93,77.8,82.3,3133123.0,62.1,1.3980234744118766e-06,77629.9889911643,0.0007637752318603383,0.0018304121632835497,European Day of Whatever it Takes
Italy,51,53580,0.1,eci_table_27,60297396.0,2001244392042.0,206,9.89,61.9,82.9,42651966.0,49.6,8.458076697043435e-07,33189.56579886136,0.0009518477043673013,0.0008885955871129162,European Day of Whatever it Takes
Latvia,1,5640,0.02,eci_table_27,1912789.0,34117202555.0,30,6.52,88.1,74.7,1304943.0,61.4,5.227968165856245e-07,17836.364886560932,0.0001773049645390071,0.0029485740455429217,European Day of Whatever it Takes
Lithuania,2,7755,0.03,eci_table_27,2786844.0,54219315600.0,43,6.35,72.4,75.7,1891013.0,61.6,7.176576801571957e-07,19455.45412660343,0.0002578981302385558,0.0027827176548095266,European Day of Whatever it Takes
Luxembourg,0,4230,0.0,eci_table_27,645397.0,71104919108.0,242,5.36,19.2,82.1,565488.0,59.3,0.0,110172.37314087298,0.0,0.006554105457571077,European Day of Whatever it Takes
Malta,0,4230,0.0,eci_table_27,502653.0,14786156563.0,1380,3.47,54.3,82.3,475902.0,56.5,0.0,29416.230606402427,0.0,0.008415348162648984,European Day of Whatever it Takes
Netherlands,5,20445,0.02,eci_table_27,17332850.0,909070395161.0,508,3.2,85.0,81.8,15924729.0,63.6,2.884695823248918e-07,52447.83143920359,0.00024455857177794083,0.0011795521221264823,European Day of Whatever it Takes
Poland,5,36660,0.01,eci_table_27,37970874.0,592164400688.0,124,3.47,67.8,77.6,22796574.0,56.7,1.3167987652852026e-07,15595.227033436207,0.00013638843426077467,0.0009654768547071105,European Day of Whatever it Takes
Portugal,8,14805,0.05,eci_table_27,10269417.0,237686075635.0,111,6.33,63.9,81.3,6753579.0,58.8,7.790120899755069e-07,23145.04081731222,0.0005403579871664978,0.0014416592490109224,European Day of Whatever it Takes
Romania,11,23265,0.05,eci_table_27,19356544.0,250077444017.0,84,3.98,49.4,75.4,10468793.0,54.7,5.682832637892384e-07,12919.529644186483,0.00047281323877068556,0.0012019191029142393,European Day of Whatever it Takes
Slovakia,1,9870,0.01,eci_table_27,5454073.0,105422304976.0,114,5.56,46.6,77.2,2930419.0,59.5,1.833492144311233e-07,19329.0968008679,0.00010131712259371833,0.001809656746435187,European Day of Whatever it Takes
Slovenia,0,5640,0.0,eci_table_27,2087946.0,53742159517.0,103,4.2,78.6,81.0,1144654.0,58.4,0.0,25739.247814359183,0.0,0.0027012192844067806,European Day of Whatever it Takes
Spain,13,41595,0.03,eci_table_27,47076781.0,1394116310769.0,94,13.96,88.9,83.3,37927409.0,57.5,2.761446242469297e-07,29613.67113798626,0.00031253756461113117,0.0008835565881193109,European Day of Whatever it Takes
Sweden,2,14805,0.01,eci_table_27,10285453.0,530832908738.0,25,6.48,67.0,82.5,9021165.0,64.6,1.9444938399893519e-07,51610.06605523354,0.00013508949679162446,0.0014394115650521178,European Day of Whatever it Takes
